mill_id,mill_name,year,month,heat_score,anomaly_pixels,anomaly_frac,mean_swir,peak_swir,zscore_max,prediction,threshold_used
1,Baoshan Iron & Steel,2019,1,0.097749,15879,0.037299,1121.17,3127.42,16.423,ACTIVE,0.05664
1,Baoshan Iron & Steel,2019,3,0.07468,13620,0.031993,1370.3,3364.0,6.132,ACTIVE,0.05664
1,Baoshan Iron & Steel,2019,4,0.067519,12301,0.028895,1476.17,3548.0,6.545,ACTIVE,0.05664
1,Baoshan Iron & Steel,2019,5,0.037926,8590,0.020178,1796.24,3257.5,6.93,IDLE,0.05664
1,Baoshan Iron & Steel,2019,6,0.056548,10726,0.025195,1780.71,3995.5,9.538,IDLE,0.05664
1,Baoshan Iron & Steel,2019,8,0.137008,25165,0.059112,1746.58,4366.75,9.192,ACTIVE,0.05664
1,Baoshan Iron & Steel,2019,9,0.1154,20292,0.047665,1844.74,4718.25,6.255,ACTIVE,0.05664
1,Baoshan Iron & Steel,2019,10,0.124285,20489,0.048128,1424.09,4091.46,6.193,ACTIVE,0.05664
1,Baoshan Iron & Steel,2019,11,0.092156,14656,0.034427,1233.0,3435.0,9.209,ACTIVE,0.05664
1,Baoshan Iron & Steel,2019,12,0.086205,14562,0.034206,1184.32,3190.0,9.986,ACTIVE,0.05664
1,Baoshan Iron & Steel,2020,1,0.079193,13850,0.032533,1255.55,3223.5,5.88,ACTIVE,0.05664
1,Baoshan Iron & Steel,2020,2,0.075954,13288,0.031213,1284.39,3297.0,5.541,ACTIVE,0.05664
1,Baoshan Iron & Steel,2020,3,0.070705,12639,0.029689,1390.07,3450.33,7.062,ACTIVE,0.05664
1,Baoshan Iron & Steel,2020,4,0.082358,14228,0.033421,1523.86,3861.25,11.542,ACTIVE,0.05664
1,Baoshan Iron & Steel,2020,5,0.091394,14274,0.033529,1599.85,4293.0,17.991,ACTIVE,0.05664
1,Baoshan Iron & Steel,2020,8,0.068786,12400,0.029127,1695.3,4117.92,6.191,ACTIVE,0.05664
1,Baoshan Iron & Steel,2020,9,0.087374,14804,0.034774,1484.37,3895.75,10.986,ACTIVE,0.05664
1,Baoshan Iron & Steel,2020,10,0.087846,14870,0.034929,1294.69,3463.5,11.315,ACTIVE,0.05664
1,Baoshan Iron & Steel,2020,11,0.095353,15654,0.036771,1108.08,3065.25,16.589,ACTIVE,0.05664
1,Baoshan Iron & Steel,2020,12,0.082184,13668,0.032106,1184.73,3162.5,13.558,ACTIVE,0.05664
1,Baoshan Iron & Steel,2021,1,0.079241,13563,0.031859,1175.83,3042.0,15.497,ACTIVE,0.05664
1,Baoshan Iron & Steel,2021,2,0.07953,13508,0.03173,1217.74,3232.71,9.541,ACTIVE,0.05664
1,Baoshan Iron & Steel,2021,3,0.084748,14434,0.033905,1313.66,3397.0,14.921,ACTIVE,0.05664
1,Baoshan Iron & Steel,2021,4,0.113661,21507,0.050519,1931.52,4602.75,6.493,ACTIVE,0.05664
1,Baoshan Iron & Steel,2021,5,0.060961,11101,0.026076,1706.25,4056.0,7.577,ACTIVE,0.05664
1,Baoshan Iron & Steel,2021,7,0.060516,11131,0.026146,1732.24,4060.5,8.085,ACTIVE,0.05664
1,Baoshan Iron & Steel,2021,8,0.217504,30207,0.070955,2386.24,8353.0,4.501,ACTIVE,0.05664
1,Baoshan Iron & Steel,2021,9,0.118077,21003,0.049335,1757.73,4529.0,5.199,ACTIVE,0.05664
1,Baoshan Iron & Steel,2021,10,0.086816,14214,0.033388,1215.68,3355.5,9.884,ACTIVE,0.05664
1,Baoshan Iron & Steel,2021,11,0.085665,14240,0.033449,1155.51,3164.25,6.665,ACTIVE,0.05664
1,Baoshan Iron & Steel,2021,12,0.077817,13085,0.030736,1185.17,3148.12,6.045,ACTIVE,0.05664
1,Baoshan Iron & Steel,2022,1,0.082198,13590,0.031923,1091.6,2942.5,15.56,ACTIVE,0.05664
1,Baoshan Iron & Steel,2022,2,0.075889,12411,0.029153,1258.05,3441.75,6.07,ACTIVE,0.05664
1,Baoshan Iron & Steel,2022,3,0.078192,13542,0.03181,1351.91,3463.83,18.358,ACTIVE,0.05664
1,Baoshan Iron & Steel,2022,4,0.085185,13871,0.032583,1450.77,3897.5,16.498,ACTIVE,0.05664
1,Baoshan Iron & Steel,2022,5,0.066392,11840,0.027812,1745.85,4283.0,6.891,ACTIVE,0.05664
1,Baoshan Iron & Steel,2022,8,0.059661,10607,0.024916,1707.58,4131.0,6.004,ACTIVE,0.05664
1,Baoshan Iron & Steel,2022,9,0.066374,11857,0.027852,1537.37,3794.33,5.391,ACTIVE,0.05664
1,Baoshan Iron & Steel,2022,10,0.081164,13638,0.032035,1356.31,3646.2,10.924,ACTIVE,0.05664
1,Baoshan Iron & Steel,2022,11,0.081491,13619,0.031991,1296.21,3492.5,12.549,ACTIVE,0.05664
1,Baoshan Iron & Steel,2022,12,0.087144,14393,0.033809,1161.71,3191.5,6.724,ACTIVE,0.05664
1,Baoshan Iron & Steel,2023,1,0.081406,13821,0.032465,1185.95,3126.92,10.078,ACTIVE,0.05664
1,Baoshan Iron & Steel,2023,3,0.073656,12938,0.030391,1383.98,3453.83,15.761,ACTIVE,0.05664
1,Baoshan Iron & Steel,2023,4,0.078595,13324,0.031298,1530.91,3983.0,11.173,ACTIVE,0.05664
1,Baoshan Iron & Steel,2023,5,0.08813,15530,0.03648,1804.87,4514.0,11.741,ACTIVE,0.05664
1,Baoshan Iron & Steel,2023,10,0.075955,12504,0.029372,1300.0,3408.5,13.944,ACTIVE,0.05664
1,Baoshan Iron & Steel,2023,11,0.079613,13276,0.031185,1158.26,3047.5,10.365,ACTIVE,0.05664
1,Baoshan Iron & Steel,2023,12,0.074681,12739,0.029924,1173.51,3012.0,9.872,ACTIVE,0.05664
1,Baoshan Iron & Steel,2024,1,0.07901,13255,0.031136,1152.76,2976.0,12.311,ACTIVE,0.05664
1,Baoshan Iron & Steel,2024,2,0.062458,11403,0.026785,1335.97,3115.0,12.795,ACTIVE,0.05664
1,Baoshan Iron & Steel,2024,3,0.053251,10001,0.023492,1397.77,3123.5,8.45,IDLE,0.05664
1,Baoshan Iron & Steel,2024,4,0.06083,10561,0.024808,1439.96,3497.92,12.825,ACTIVE,0.05664
1,Baoshan Iron & Steel,2024,5,0.052939,9927,0.023318,1760.17,3940.0,7.93,IDLE,0.05664
1,Baoshan Iron & Steel,2024,6,0.051653,9656,0.022682,1865.85,4187.75,8.879,IDLE,0.05664
1,Baoshan Iron & Steel,2024,7,0.160243,27188,0.063864,2398.64,6704.92,5.359,ACTIVE,0.05664
1,Baoshan Iron & Steel,2024,8,0.08544,15598,0.036639,1925.39,4701.5,5.722,ACTIVE,0.05664
1,Baoshan Iron & Steel,2024,9,0.061264,11048,0.025951,1633.66,3892.0,8.571,ACTIVE,0.05664
1,Baoshan Iron & Steel,2024,10,0.079058,13670,0.03211,1502.78,3898.0,5.847,ACTIVE,0.05664
1,Baoshan Iron & Steel,2024,11,0.08105,13673,0.032118,1186.21,3160.0,6.449,ACTIVE,0.05664
1,Baoshan Iron & Steel,2024,12,0.073081,12575,0.029538,1212.7,3087.75,12.821,ACTIVE,0.05664
2,Wuhan Iron & Steel,2019,3,0.036553,6756,0.016006,1403.55,2986.51,4.749,IDLE,0.05664
2,Wuhan Iron & Steel,2019,5,0.098623,14319,0.033923,1574.41,4942.03,5.033,ACTIVE,0.05664
2,Wuhan Iron & Steel,2019,6,0.056234,9738,0.02307,1599.37,3776.5,6.851,IDLE,0.05664
2,Wuhan Iron & Steel,2019,7,0.077064,15010,0.03556,2010.24,4450.5,4.589,ACTIVE,0.05664
2,Wuhan Iron & Steel,2019,8,0.050622,8659,0.020514,1591.2,3763.75,5.543,IDLE,0.05664
2,Wuhan Iron & Steel,2019,9,0.046394,7978,0.018901,1518.56,3546.51,5.031,IDLE,0.05664
2,Wuhan Iron & Steel,2019,11,0.04568,7872,0.01865,1318.85,3074.0,4.778,IDLE,0.05664
2,Wuhan Iron & Steel,2019,12,0.039412,6574,0.015575,1283.22,2958.0,8.087,IDLE,0.05664
2,Wuhan Iron & Steel,2020,1,0.049466,7824,0.018536,1220.48,3023.25,6.04,IDLE,0.05664
2,Wuhan Iron & Steel,2020,2,0.048613,7529,0.017837,1220.84,3074.26,5.762,IDLE,0.05664
2,Wuhan Iron & Steel,2020,3,0.045789,7475,0.017709,1362.07,3279.5,5.491,IDLE,0.05664
2,Wuhan Iron & Steel,2020,4,0.055982,8888,0.021057,1391.0,3525.0,5.47,IDLE,0.05664
2,Wuhan Iron & Steel,2020,5,0.042049,8587,0.020344,1566.36,3121.75,5.16,IDLE,0.05664
2,Wuhan Iron & Steel,2020,6,0.065043,10842,0.025686,1696.92,4264.5,6.962,ACTIVE,0.05664
2,Wuhan Iron & Steel,2020,8,0.055538,9211,0.021822,1549.42,3840.75,5.384,IDLE,0.05664
2,Wuhan Iron & Steel,2020,9,0.055003,9319,0.022078,1569.4,3808.5,5.191,IDLE,0.05664
2,Wuhan Iron & Steel,2020,10,0.057025,9909,0.023475,1323.73,3183.75,5.346,ACTIVE,0.05664
2,Wuhan Iron & Steel,2020,11,0.044924,7410,0.017555,1250.04,2983.25,5.217,IDLE,0.05664
2,Wuhan Iron & Steel,2020,12,0.043057,6976,0.016527,1177.11,2803.25,5.66,IDLE,0.05664
2,Wuhan Iron & Steel,2021,1,0.038775,6463,0.015312,1235.8,2828.5,5.336,IDLE,0.05664
2,Wuhan Iron & Steel,2021,2,0.040744,6485,0.015364,1237.9,2987.0,5.172,IDLE,0.05664
2,Wuhan Iron & Steel,2021,3,0.048296,7717,0.018282,1247.27,3099.5,5.377,IDLE,0.05664
2,Wuhan Iron & Steel,2021,4,0.057659,9648,0.022857,1303.54,3205.25,6.061,ACTIVE,0.05664
2,Wuhan Iron & Steel,2021,5,0.050623,8793,0.020832,1555.67,3633.75,9.705,IDLE,0.05664
2,Wuhan Iron & Steel,2021,6,0.057742,9043,0.021424,1544.29,3938.0,13.964,ACTIVE,0.05664
2,Wuhan Iron & Steel,2021,9,0.048645,8015,0.018988,1395.14,3350.5,5.4,IDLE,0.05664
2,Wuhan Iron & Steel,2021,10,0.084008,12560,0.029756,1401.93,4133.0,5.614,ACTIVE,0.05664
2,Wuhan Iron & Steel,2021,11,0.038491,6377,0.015108,1240.14,2893.0,4.843,IDLE,0.05664
2,Wuhan Iron & Steel,2021,12,0.037645,6135,0.014534,1267.99,2978.0,4.812,IDLE,0.05664
2,Wuhan Iron & Steel,2022,1,0.029943,5571,0.013198,1325.44,2714.51,4.778,IDLE,0.05664
2,Wuhan Iron & Steel,2022,3,0.035813,6158,0.014589,1442.12,3215.0,5.841,IDLE,0.05664
2,Wuhan Iron & Steel,2022,4,0.072638,10643,0.025214,1310.24,3727.0,11.587,ACTIVE,0.05664
2,Wuhan Iron & Steel,2022,5,0.064413,9574,0.022682,1432.53,3871.0,10.419,ACTIVE,0.05664
2,Wuhan Iron & Steel,2022,7,0.059368,9536,0.022592,1625.9,4075.51,11.276,ACTIVE,0.05664
2,Wuhan Iron & Steel,2022,8,0.057905,8816,0.020886,1565.39,4070.5,6.404,ACTIVE,0.05664
2,Wuhan Iron & Steel,2022,9,0.047514,7348,0.017408,1482.1,3597.0,6.518,IDLE,0.05664
2,Wuhan Iron & Steel,2022,10,0.054487,8408,0.019919,1322.31,3398.0,6.05,IDLE,0.05664
2,Wuhan Iron & Steel,2022,11,0.054035,8814,0.020881,1317.66,3303.75,5.659,IDLE,0.05664
2,Wuhan Iron & Steel,2022,12,0.041589,6808,0.016129,1322.74,3138.5,5.685,IDLE,0.05664
2,Wuhan Iron & Steel,2023,1,0.037898,6158,0.014589,1342.72,3145.5,5.554,IDLE,0.05664
2,Wuhan Iron & Steel,2023,3,0.035781,5790,0.013717,1420.61,3256.75,8.921,IDLE,0.05664
2,Wuhan Iron & Steel,2023,4,0.0558,8647,0.020486,1374.74,3490.01,7.941,IDLE,0.05664
2,Wuhan Iron & Steel,2023,5,0.042147,7630,0.018076,1548.18,3385.5,7.23,IDLE,0.05664
2,Wuhan Iron & Steel,2023,6,0.066223,9886,0.023421,1589.33,4395.52,11.09,ACTIVE,0.05664
2,Wuhan Iron & Steel,2023,8,0.077314,12619,0.029896,1659.97,4385.5,6.849,ACTIVE,0.05664
2,Wuhan Iron & Steel,2023,9,0.054272,8403,0.019908,1457.15,3759.01,6.555,IDLE,0.05664
2,Wuhan Iron & Steel,2023,10,0.053252,8379,0.019851,1260.15,3202.75,5.621,IDLE,0.05664
2,Wuhan Iron & Steel,2023,11,0.054329,8520,0.020185,1169.46,2996.5,5.536,IDLE,0.05664
2,Wuhan Iron & Steel,2023,12,0.048676,7587,0.017974,1208.08,3081.0,5.234,IDLE,0.05664
2,Wuhan Iron & Steel,2024,2,0.044441,7001,0.016586,1317.85,3302.0,4.916,IDLE,0.05664
2,Wuhan Iron & Steel,2024,3,0.040799,7139,0.016913,1334.81,3000.01,5.37,IDLE,0.05664
2,Wuhan Iron & Steel,2024,4,0.060515,9746,0.023089,1449.51,3722.0,7.118,ACTIVE,0.05664
2,Wuhan Iron & Steel,2024,5,0.063176,10536,0.024961,1487.81,3722.0,8.269,ACTIVE,0.05664
2,Wuhan Iron & Steel,2024,8,0.083136,13377,0.031692,1674.61,4626.0,6.332,ACTIVE,0.05664
2,Wuhan Iron & Steel,2024,9,0.055675,8926,0.021147,1499.81,3789.5,7.39,IDLE,0.05664
2,Wuhan Iron & Steel,2024,10,0.054581,8892,0.021066,1272.59,3163.5,8.447,IDLE,0.05664
2,Wuhan Iron & Steel,2024,11,0.046632,7644,0.018109,1263.75,3078.25,5.367,IDLE,0.05664
2,Wuhan Iron & Steel,2024,12,0.037075,6351,0.015046,1309.38,2996.5,5.174,IDLE,0.05664
3,Maanshan Iron & Steel,2019,1,0.094897,15873,0.037127,1099.9,2994.0,17.277,ACTIVE,0.05664
3,Maanshan Iron & Steel,2019,4,0.079449,14258,0.03335,1499.86,3623.75,17.18,ACTIVE,0.05664
3,Maanshan Iron & Steel,2019,5,0.089224,15023,0.035139,1678.06,4293.87,17.159,ACTIVE,0.05664
3,Maanshan Iron & Steel,2019,7,0.068611,12684,0.029668,2842.44,6658.93,5.007,ACTIVE,0.05664
3,Maanshan Iron & Steel,2019,9,0.085299,14918,0.034894,1371.56,3483.5,19.328,ACTIVE,0.05664
3,Maanshan Iron & Steel,2019,10,0.067391,13401,0.031345,1390.63,3079.37,14.54,ACTIVE,0.05664
3,Maanshan Iron & Steel,2019,11,0.090338,14885,0.034817,1276.66,3339.5,13.011,ACTIVE,0.05664
3,Maanshan Iron & Steel,2019,12,0.100595,16408,0.038379,1102.65,3121.5,15.862,ACTIVE,0.05664
3,Maanshan Iron & Steel,2020,2,0.096834,15397,0.036014,1027.59,2880.18,18.563,ACTIVE,0.05664
3,Maanshan Iron & Steel,2020,3,0.096626,14564,0.034066,1341.38,3929.0,18.765,ACTIVE,0.05664
3,Maanshan Iron & Steel,2020,4,0.078834,14050,0.032863,1540.18,3733.0,19.834,ACTIVE,0.05664
3,Maanshan Iron & Steel,2020,6,0.108475,17655,0.041296,1775.8,5022.37,15.3,ACTIVE,0.05664
3,Maanshan Iron & Steel,2020,7,0.100805,16663,0.038975,1580.52,4333.0,18.111,ACTIVE,0.05664
3,Maanshan Iron & Steel,2020,8,0.088538,14867,0.034774,1617.8,4153.3,14.853,ACTIVE,0.05664
3,Maanshan Iron & Steel,2020,9,0.078307,13330,0.031179,1474.63,3770.5,18.423,ACTIVE,0.05664
3,Maanshan Iron & Steel,2020,10,0.078388,14344,0.033551,1251.27,3035.5,22.215,ACTIVE,0.05664
3,Maanshan Iron & Steel,2020,11,0.079836,14005,0.032758,1204.85,3057.0,12.816,ACTIVE,0.05664
3,Maanshan Iron & Steel,2020,12,0.086687,13879,0.032463,1072.36,2930.75,12.394,ACTIVE,0.05664
3,Maanshan Iron & Steel,2021,1,0.097413,14985,0.03505,1022.19,2939.87,20.111,ACTIVE,0.05664
3,Maanshan Iron & Steel,2021,2,0.08353,13917,0.032552,1247.04,3343.0,14.997,ACTIVE,0.05664
3,Maanshan Iron & Steel,2021,3,0.119291,18844,0.044077,1345.78,4057.0,10.149,ACTIVE,0.05664
3,Maanshan Iron & Steel,2021,4,0.078629,14079,0.032931,1433.61,3551.5,19.444,ACTIVE,0.05664
3,Maanshan Iron & Steel,2021,5,0.137086,25775,0.060289,1890.18,4611.25,12.8,ACTIVE,0.05664
3,Maanshan Iron & Steel,2021,6,0.097606,17587,0.041137,1796.37,4506.87,16.353,ACTIVE,0.05664
3,Maanshan Iron & Steel,2021,7,0.102324,15836,0.037041,1653.93,4849.5,15.14,ACTIVE,0.05664
3,Maanshan Iron & Steel,2021,8,0.213747,28836,0.067448,2071.82,7654.0,8.094,ACTIVE,0.05664
3,Maanshan Iron & Steel,2021,9,0.080979,14803,0.034625,1426.79,3492.93,12.043,ACTIVE,0.05664
3,Maanshan Iron & Steel,2021,10,0.081667,14323,0.033502,1359.77,3494.75,13.399,ACTIVE,0.05664
3,Maanshan Iron & Steel,2021,11,0.094061,15943,0.037291,1238.56,3318.25,13.233,ACTIVE,0.05664
3,Maanshan Iron & Steel,2021,12,0.079787,13514,0.03161,1181.85,3074.0,14.814,ACTIVE,0.05664
3,Maanshan Iron & Steel,2022,2,0.08628,14690,0.03436,1233.03,3265.25,14.731,ACTIVE,0.05664
3,Maanshan Iron & Steel,2022,3,0.067119,12943,0.030274,1433.67,3273.0,12.541,ACTIVE,0.05664
3,Maanshan Iron & Steel,2022,4,0.073248,14073,0.032917,1586.13,3602.87,14.419,ACTIVE,0.05664
3,Maanshan Iron & Steel,2022,5,0.078719,14349,0.033563,1777.89,4197.5,17.151,ACTIVE,0.05664
3,Maanshan Iron & Steel,2022,6,0.084173,15006,0.0351,1880.67,4555.5,16.624,ACTIVE,0.05664
3,Maanshan Iron & Steel,2022,7,0.062228,12803,0.029947,2018.06,4200.5,9.857,ACTIVE,0.05664
3,Maanshan Iron & Steel,2022,8,0.125986,19470,0.045541,1734.45,5418.5,12.951,ACTIVE,0.05664
3,Maanshan Iron & Steel,2022,10,0.082986,14695,0.034372,1362.11,3467.5,11.358,ACTIVE,0.05664
3,Maanshan Iron & Steel,2022,11,0.08274,13946,0.03262,1299.67,3416.05,21.068,ACTIVE,0.05664
3,Maanshan Iron & Steel,2022,12,0.084051,14530,0.033986,1233.74,3224.0,10.405,ACTIVE,0.05664
3,Maanshan Iron & Steel,2023,1,0.079742,13733,0.032122,1243.42,3221.3,10.905,ACTIVE,0.05664
3,Maanshan Iron & Steel,2023,2,0.109694,16961,0.039672,1329.49,4089.75,9.099,ACTIVE,0.05664
3,Maanshan Iron & Steel,2023,3,0.077033,13192,0.030857,1375.56,3540.5,20.969,ACTIVE,0.05664
3,Maanshan Iron & Steel,2023,4,0.064746,13292,0.03109,1709.68,3619.0,18.974,ACTIVE,0.05664
3,Maanshan Iron & Steel,2023,5,0.088362,15082,0.035277,1734.49,4485.54,16.257,ACTIVE,0.05664
3,Maanshan Iron & Steel,2023,6,0.091859,16333,0.038203,1931.73,4815.5,16.64,ACTIVE,0.05664
3,Maanshan Iron & Steel,2023,7,0.107024,17743,0.041501,1794.57,4973.5,14.612,ACTIVE,0.05664
3,Maanshan Iron & Steel,2023,9,0.168165,21260,0.049728,1660.02,6621.0,9.855,ACTIVE,0.05664
3,Maanshan Iron & Steel,2023,10,0.083912,14316,0.033486,1331.86,3530.25,10.66,ACTIVE,0.05664
3,Maanshan Iron & Steel,2023,11,0.076209,14068,0.032906,1293.97,3145.5,9.633,ACTIVE,0.05664
3,Maanshan Iron & Steel,2023,12,0.078946,13398,0.031338,1215.56,3183.25,12.573,ACTIVE,0.05664
3,Maanshan Iron & Steel,2024,1,0.080477,13683,0.032005,1269.01,3324.75,15.473,ACTIVE,0.05664
3,Maanshan Iron & Steel,2024,2,0.078427,13400,0.031343,1354.63,3516.0,21.223,ACTIVE,0.05664
3,Maanshan Iron & Steel,2024,4,0.081977,14951,0.034971,1514.85,3760.0,19.196,ACTIVE,0.05664
3,Maanshan Iron & Steel,2024,5,0.086204,15792,0.036938,1823.29,4487.0,15.901,ACTIVE,0.05664
3,Maanshan Iron & Steel,2024,7,0.084478,14402,0.033687,1771.22,4607.87,14.645,ACTIVE,0.05664
3,Maanshan Iron & Steel,2024,8,0.090032,15135,0.035401,1607.26,4296.5,16.14,ACTIVE,0.05664
3,Maanshan Iron & Steel,2024,9,0.085524,14620,0.034197,1444.13,3815.5,15.072,ACTIVE,0.05664
3,Maanshan Iron & Steel,2024,10,0.086838,14641,0.034246,1364.84,3680.0,20.254,ACTIVE,0.05664
3,Maanshan Iron & Steel,2024,11,0.08943,14488,0.033888,1216.93,3431.5,13.006,ACTIVE,0.05664
3,Maanshan Iron & Steel,2024,12,0.075223,12791,0.029919,1227.85,3178.48,15.076,ACTIVE,0.05664
4,Shagang Yonggang,2019,1,0.089765,16654,0.038954,1403.91,3601.0,9.88,ACTIVE,0.05664
4,Shagang Yonggang,2019,3,0.095455,18094,0.042322,1533.22,3908.0,10.049,ACTIVE,0.05664
4,Shagang Yonggang,2019,5,0.095731,17627,0.04123,2059.56,5289.0,15.084,ACTIVE,0.05664
4,Shagang Yonggang,2019,6,0.106963,18048,0.042215,2069.78,5872.5,14.048,ACTIVE,0.05664
4,Shagang Yonggang,2019,7,0.17758,27963,0.065406,2328.21,7158.5,8.823,ACTIVE,0.05664
4,Shagang Yonggang,2019,8,0.110749,18612,0.043534,1823.93,5151.25,14.715,ACTIVE,0.05664
4,Shagang Yonggang,2019,9,0.144408,21885,0.05119,1732.38,5612.0,10.418,ACTIVE,0.05664
4,Shagang Yonggang,2019,10,0.093837,19318,0.045185,1698.11,3832.5,6.827,ACTIVE,0.05664
4,Shagang Yonggang,2019,11,0.064406,13295,0.031097,1738.79,3728.0,6.524,ACTIVE,0.05664
4,Shagang Yonggang,2019,12,0.076549,14243,0.033315,1495.81,3690.5,8.776,ACTIVE,0.05664
4,Shagang Yonggang,2020,1,0.111365,20337,0.047569,1449.38,3849.0,8.154,ACTIVE,0.05664
4,Shagang Yonggang,2020,2,0.090079,17368,0.040624,1516.82,3762.43,8.091,ACTIVE,0.05664
4,Shagang Yonggang,2020,3,0.094999,17748,0.041513,1533.94,3944.5,10.184,ACTIVE,0.05664
4,Shagang Yonggang,2020,4,0.106604,18099,0.042334,1654.34,4643.5,15.773,ACTIVE,0.05664
4,Shagang Yonggang,2020,5,0.100028,17953,0.041993,1833.47,4823.5,16.316,ACTIVE,0.05664
4,Shagang Yonggang,2020,6,0.084668,14823,0.034671,2125.93,5463.0,15.143,ACTIVE,0.05664
4,Shagang Yonggang,2020,8,0.113474,18055,0.042231,1779.05,5308.0,14.408,ACTIVE,0.05664
4,Shagang Yonggang,2020,9,0.109233,17885,0.041834,1555.5,4561.0,10.827,ACTIVE,0.05664
4,Shagang Yonggang,2020,10,0.100069,19460,0.045518,1561.47,3786.5,7.009,ACTIVE,0.05664
4,Shagang Yonggang,2020,11,0.090511,18702,0.043745,1711.7,3851.5,6.655,ACTIVE,0.05664
4,Shagang Yonggang,2021,1,0.062426,12634,0.029551,1628.97,3587.18,8.114,ACTIVE,0.05664
4,Shagang Yonggang,2021,2,0.073779,14879,0.034802,1644.52,3742.5,7.459,ACTIVE,0.05664
4,Shagang Yonggang,2021,3,0.085591,16668,0.038987,1676.17,4064.0,11.743,ACTIVE,0.05664
4,Shagang Yonggang,2021,4,0.109463,17264,0.040381,1491.04,4547.87,20.093,ACTIVE,0.05664
4,Shagang Yonggang,2021,6,0.112576,16577,0.038774,1894.04,5954.11,12.528,ACTIVE,0.05664
4,Shagang Yonggang,2021,7,0.114189,17545,0.041038,1744.23,5366.5,14.372,ACTIVE,0.05664
4,Shagang Yonggang,2021,8,0.105894,16897,0.039523,1654.52,4879.87,16.988,ACTIVE,0.05664
4,Shagang Yonggang,2021,10,0.07671,15097,0.035312,1703.15,3986.0,7.129,ACTIVE,0.05664
4,Shagang Yonggang,2021,11,0.071344,14397,0.033675,1624.96,3615.0,6.595,ACTIVE,0.05664
4,Shagang Yonggang,2021,12,0.053224,10431,0.024398,1647.89,3598.5,6.836,IDLE,0.05664
4,Shagang Yonggang,2022,1,0.060212,12121,0.028351,1557.82,3441.5,7.876,ACTIVE,0.05664
4,Shagang Yonggang,2022,2,0.078648,15217,0.035593,1644.28,3998.5,7.467,ACTIVE,0.05664
4,Shagang Yonggang,2022,3,0.084653,16250,0.038009,1635.58,4038.75,8.021,ACTIVE,0.05664
4,Shagang Yonggang,2022,4,0.091463,16894,0.039516,1699.91,4368.5,19.695,ACTIVE,0.05664
4,Shagang Yonggang,2022,5,0.10547,16966,0.039684,1781.35,5212.0,15.103,ACTIVE,0.05664
4,Shagang Yonggang,2022,6,0.095838,17688,0.041373,2221.8,5511.87,14.427,ACTIVE,0.05664
4,Shagang Yonggang,2022,7,0.115908,18574,0.043445,1760.18,5232.5,15.578,ACTIVE,0.05664
4,Shagang Yonggang,2022,10,0.092655,17338,0.040554,1465.94,3626.5,6.922,ACTIVE,0.05664
4,Shagang Yonggang,2022,11,0.092302,17820,0.041682,1438.36,3464.5,9.853,ACTIVE,0.05664
4,Shagang Yonggang,2022,12,0.066197,13728,0.03211,1489.49,3170.99,13.226,ACTIVE,0.05664
4,Shagang Yonggang,2023,1,0.064795,13764,0.032194,1525.13,3177.25,10.592,ACTIVE,0.05664
4,Shagang Yonggang,2023,2,0.078371,16007,0.037441,1544.54,3464.0,7.85,ACTIVE,0.05664
4,Shagang Yonggang,2023,3,0.072952,15607,0.036505,1707.22,3625.0,8.895,ACTIVE,0.05664
4,Shagang Yonggang,2023,4,0.102401,18763,0.043887,1552.51,4010.5,22.821,ACTIVE,0.05664
4,Shagang Yonggang,2023,5,0.108465,18206,0.042584,1892.67,5300.5,15.765,ACTIVE,0.05664
4,Shagang Yonggang,2023,9,0.117247,18926,0.044269,1719.16,5142.0,13.526,ACTIVE,0.05664
4,Shagang Yonggang,2023,10,0.097566,18681,0.043695,1485.69,3664.75,7.365,ACTIVE,0.05664
4,Shagang Yonggang,2023,11,0.057522,12382,0.028962,1654.45,3323.5,6.723,ACTIVE,0.05664
4,Shagang Yonggang,2023,12,0.062698,13065,0.030559,1571.59,3305.5,15.29,ACTIVE,0.05664
4,Shagang Yonggang,2024,1,0.069267,14488,0.033888,1524.15,3261.11,8.05,ACTIVE,0.05664
4,Shagang Yonggang,2024,2,0.079635,16232,0.037967,1557.29,3487.0,10.688,ACTIVE,0.05664
4,Shagang Yonggang,2024,7,0.119117,20925,0.048944,2090.31,5354.11,11.545,ACTIVE,0.05664
5,Jiangyin Xingcheng,2019,5,0.071079,14787,0.034596,1397.84,2910.5,14.914,ACTIVE,0.05664
5,Jiangyin Xingcheng,2019,6,0.03904,6714,0.015708,1551.07,3346.95,17.394,IDLE,0.05664
5,Jiangyin Xingcheng,2019,7,0.137726,21845,0.051109,2729.3,7895.0,3.474,ACTIVE,0.05664
5,Jiangyin Xingcheng,2019,8,0.040494,7218,0.016887,1445.4,3191.5,10.75,IDLE,0.05664
5,Jiangyin Xingcheng,2019,9,0.050285,8491,0.019866,1403.65,3267.0,13.218,IDLE,0.05664
5,Jiangyin Xingcheng,2019,10,0.042247,7358,0.017215,1211.8,2731.2,9.107,IDLE,0.05664
5,Jiangyin Xingcheng,2019,11,0.04585,7520,0.017594,1112.88,2669.45,7.234,IDLE,0.05664
5,Jiangyin Xingcheng,2019,12,0.047182,7041,0.016473,969.26,2398.0,10.027,IDLE,0.05664
5,Jiangyin Xingcheng,2020,1,0.047454,7312,0.017107,1001.16,2434.0,9.498,IDLE,0.05664
5,Jiangyin Xingcheng,2020,2,0.037563,5626,0.013163,1065.36,2589.0,12.616,IDLE,0.05664
5,Jiangyin Xingcheng,2020,3,0.090843,13030,0.030485,1216.72,3751.56,6.026,ACTIVE,0.05664
5,Jiangyin Xingcheng,2020,4,0.035343,6128,0.014337,1318.02,2876.25,10.933,IDLE,0.05664
5,Jiangyin Xingcheng,2020,5,0.0371,7162,0.016756,1533.9,3099.0,10.488,IDLE,0.05664
5,Jiangyin Xingcheng,2020,6,0.05398,8686,0.020322,1631.59,3998.65,12.748,IDLE,0.05664
5,Jiangyin Xingcheng,2020,8,0.04086,7038,0.016466,1431.95,3257.0,5.918,IDLE,0.05664
5,Jiangyin Xingcheng,2020,9,0.04116,6798,0.015905,1276.46,2991.75,8.639,IDLE,0.05664
5,Jiangyin Xingcheng,2020,10,0.058065,7349,0.017194,1100.29,3081.75,8.5,ACTIVE,0.05664
5,Jiangyin Xingcheng,2020,11,0.041873,6595,0.01543,1094.29,2638.9,7.44,IDLE,0.05664
5,Jiangyin Xingcheng,2020,12,0.050858,7808,0.018268,1052.12,2614.0,10.885,IDLE,0.05664
5,Jiangyin Xingcheng,2021,1,0.0444,6763,0.015823,1035.41,2583.4,8.723,IDLE,0.05664
5,Jiangyin Xingcheng,2021,2,0.044033,6603,0.015449,1056.31,2618.0,10.851,IDLE,0.05664
5,Jiangyin Xingcheng,2021,3,0.034933,5965,0.013956,1207.91,2649.5,7.598,IDLE,0.05664
5,Jiangyin Xingcheng,2021,4,0.047227,7495,0.017535,1132.92,2719.7,15.688,IDLE,0.05664
5,Jiangyin Xingcheng,2021,6,0.045526,7517,0.017587,1603.27,3718.5,14.581,IDLE,0.05664
5,Jiangyin Xingcheng,2021,7,0.045929,7890,0.01846,1512.19,3428.95,14.419,IDLE,0.05664
5,Jiangyin Xingcheng,2021,8,0.042598,6650,0.015558,1335.89,3193.5,12.96,IDLE,0.05664
5,Jiangyin Xingcheng,2021,9,0.23722,23356,0.054644,1461.6,7755.5,5.923,ACTIVE,0.05664
5,Jiangyin Xingcheng,2021,10,0.043062,6760,0.015816,1123.76,2716.5,9.846,IDLE,0.05664
5,Jiangyin Xingcheng,2021,11,0.04654,7014,0.01641,1001.61,2518.25,10.548,IDLE,0.05664
5,Jiangyin Xingcheng,2021,12,0.052113,7890,0.01846,1014.53,2610.0,9.149,IDLE,0.05664
5,Jiangyin Xingcheng,2022,1,0.043768,7154,0.016738,1052.29,2501.0,8.144,IDLE,0.05664
5,Jiangyin Xingcheng,2022,2,0.044231,6962,0.016288,1137.6,2797.75,7.137,IDLE,0.05664
5,Jiangyin Xingcheng,2022,3,0.035025,5877,0.01375,1231.17,2745.25,6.411,IDLE,0.05664
5,Jiangyin Xingcheng,2022,4,0.039016,6565,0.01536,1320.3,3004.2,7.24,IDLE,0.05664
5,Jiangyin Xingcheng,2022,5,0.052181,9168,0.02145,1606.79,3762.0,7.782,IDLE,0.05664
5,Jiangyin Xingcheng,2022,6,0.035329,6072,0.014206,1650.46,3568.45,10.322,IDLE,0.05664
5,Jiangyin Xingcheng,2022,7,0.041543,6877,0.01609,1501.82,3447.2,9.139,IDLE,0.05664
5,Jiangyin Xingcheng,2022,8,0.07846,13740,0.032146,1663.15,4155.25,5.839,ACTIVE,0.05664
5,Jiangyin Xingcheng,2022,10,0.0483,7399,0.017311,1132.48,2865.0,10.894,IDLE,0.05664
5,Jiangyin Xingcheng,2022,11,0.058224,8370,0.019583,969.02,2596.4,13.321,ACTIVE,0.05664
5,Jiangyin Xingcheng,2022,12,0.053002,7938,0.018572,978.47,2569.5,8.493,IDLE,0.05664
5,Jiangyin Xingcheng,2023,1,0.047177,7390,0.01729,1018.12,2551.75,8.251,IDLE,0.05664
5,Jiangyin Xingcheng,2023,2,0.042568,6708,0.015694,1102.46,2691.7,6.579,IDLE,0.05664
5,Jiangyin Xingcheng,2023,3,0.037518,6174,0.014445,1225.57,2844.25,6.152,IDLE,0.05664
5,Jiangyin Xingcheng,2023,4,0.039205,5927,0.013867,1212.2,2882.15,11.61,IDLE,0.05664
5,Jiangyin Xingcheng,2023,5,0.040562,6690,0.015652,1527.18,3503.0,7.77,IDLE,0.05664
5,Jiangyin Xingcheng,2023,9,0.047035,7509,0.017568,1329.69,3237.95,9.796,IDLE,0.05664
5,Jiangyin Xingcheng,2023,10,0.04239,6830,0.01598,1176.06,2816.0,7.986,IDLE,0.05664
5,Jiangyin Xingcheng,2023,11,0.049153,7579,0.017732,1038.03,2614.25,9.388,IDLE,0.05664
5,Jiangyin Xingcheng,2023,12,0.046511,6882,0.016101,1030.88,2617.7,9.064,IDLE,0.05664
5,Jiangyin Xingcheng,2024,1,0.051772,8021,0.018766,1030.18,2622.75,8.105,IDLE,0.05664
5,Jiangyin Xingcheng,2024,2,0.048653,7444,0.017416,1112.49,2852.5,9.591,IDLE,0.05664
5,Jiangyin Xingcheng,2024,3,0.045243,7116,0.016649,1168.73,2848.5,8.698,IDLE,0.05664
5,Jiangyin Xingcheng,2024,4,0.04133,6914,0.016176,1375.56,3144.0,12.66,IDLE,0.05664
5,Jiangyin Xingcheng,2024,5,0.042549,7241,0.016941,1599.31,3654.5,10.597,IDLE,0.05664
5,Jiangyin Xingcheng,2024,7,0.093047,16675,0.039013,2373.71,5903.75,4.181,ACTIVE,0.05664
5,Jiangyin Xingcheng,2024,8,0.039225,6569,0.015369,1486.09,3409.5,9.094,IDLE,0.05664
5,Jiangyin Xingcheng,2024,10,0.043789,6641,0.015537,1067.28,2636.75,13.578,IDLE,0.05664
5,Jiangyin Xingcheng,2024,11,0.051575,7899,0.018481,1029.69,2628.5,8.282,IDLE,0.05664
5,Jiangyin Xingcheng,2024,12,0.061342,9384,0.021955,984.31,2607.5,8.258,ACTIVE,0.05664
6,HBIS Handan,2019,1,0.054059,12714,0.028113,1386.26,2651.38,7.81,IDLE,0.05664
6,HBIS Handan,2019,3,0.047434,12908,0.028542,1751.47,2899.0,8.694,IDLE,0.05664
6,HBIS Handan,2019,4,0.050667,13056,0.028869,1820.84,3182.0,11.205,IDLE,0.05664
6,HBIS Handan,2019,5,0.062624,15337,0.033913,2143.64,4060.5,16.026,ACTIVE,0.05664
6,HBIS Handan,2019,6,0.060277,15570,0.034428,2221.15,3961.5,16.622,ACTIVE,0.05664
6,HBIS Handan,2019,7,0.063424,15386,0.034021,2191.99,4198.0,16.758,ACTIVE,0.05664
6,HBIS Handan,2019,8,0.068477,16542,0.036577,1800.33,3475.25,12.773,ACTIVE,0.05664
6,HBIS Handan,2019,9,0.06632,16277,0.035991,1620.42,3061.0,10.457,ACTIVE,0.05664
6,HBIS Handan,2019,10,0.068899,15602,0.034499,1420.38,2879.0,16.714,ACTIVE,0.05664
6,HBIS Handan,2019,11,0.066709,15367,0.033979,1406.47,2836.0,18.884,ACTIVE,0.05664
6,HBIS Handan,2019,12,0.067644,14543,0.032157,1280.62,2744.5,6.515,ACTIVE,0.05664
6,HBIS Handan,2020,1,0.051649,12175,0.026921,1316.47,2501.0,7.63,IDLE,0.05664
6,HBIS Handan,2020,2,0.055287,12589,0.027836,1412.1,2781.0,10.206,IDLE,0.05664
6,HBIS Handan,2020,3,0.050199,13414,0.029661,1706.81,2870.5,16.632,IDLE,0.05664
6,HBIS Handan,2020,4,0.054599,14497,0.032055,1868.6,3192.75,11.227,IDLE,0.05664
6,HBIS Handan,2020,5,0.052643,14934,0.033022,2079.29,3357.25,14.246,IDLE,0.05664
6,HBIS Handan,2020,6,0.061886,15771,0.034872,2262.33,4102.0,18.169,ACTIVE,0.05664
6,HBIS Handan,2020,7,0.06709,15789,0.034912,2135.45,4190.5,18.008,ACTIVE,0.05664
6,HBIS Handan,2020,8,0.076638,17800,0.039359,1912.57,4045.5,6.537,ACTIVE,0.05664
6,HBIS Handan,2020,9,0.072012,17107,0.037826,1666.52,3244.38,16.546,ACTIVE,0.05664
6,HBIS Handan,2020,10,0.070952,16619,0.036747,1419.85,2816.88,13.92,ACTIVE,0.05664
6,HBIS Handan,2020,11,0.070452,15903,0.035164,1416.49,2903.5,11.011,ACTIVE,0.05664
6,HBIS Handan,2020,12,0.062121,13863,0.030653,1300.59,2657.5,8.353,ACTIVE,0.05664
6,HBIS Handan,2021,1,0.058376,13422,0.029678,1396.75,2773.76,6.809,ACTIVE,0.05664
6,HBIS Handan,2021,2,0.051691,13060,0.028878,1576.83,2825.75,8.58,IDLE,0.05664
6,HBIS Handan,2021,3,0.049647,12070,0.026689,1603.55,2943.0,8.559,IDLE,0.05664
6,HBIS Handan,2021,4,0.053777,14214,0.03143,1870.78,3198.5,10.469,IDLE,0.05664
6,HBIS Handan,2021,5,0.056108,14968,0.033097,2154.44,3693.0,14.889,IDLE,0.05664
6,HBIS Handan,2021,6,0.068513,16177,0.03577,2192.69,4306.25,17.943,ACTIVE,0.05664
6,HBIS Handan,2021,7,0.066827,15865,0.03508,1964.55,3840.5,16.572,ACTIVE,0.05664
6,HBIS Handan,2021,8,0.068562,16062,0.035516,1710.26,3382.5,13.774,ACTIVE,0.05664
6,HBIS Handan,2021,9,0.070053,16316,0.036077,1541.45,3086.0,11.45,ACTIVE,0.05664
6,HBIS Handan,2021,10,0.066186,15090,0.033367,1389.41,2795.5,9.698,ACTIVE,0.05664
6,HBIS Handan,2021,11,0.065447,13987,0.030928,1266.65,2698.0,7.669,ACTIVE,0.05664
6,HBIS Handan,2021,12,0.062816,13112,0.028993,1222.32,2651.5,7.266,ACTIVE,0.05664
6,HBIS Handan,2022,1,0.05978,12969,0.028677,1274.15,2669.75,7.048,ACTIVE,0.05664
6,HBIS Handan,2022,2,0.052181,11954,0.026432,1415.06,2759.5,8.158,IDLE,0.05664
6,HBIS Handan,2022,3,0.043389,11626,0.025707,1764.42,2929.0,11.708,IDLE,0.05664
6,HBIS Handan,2022,4,0.051778,13108,0.028984,1792.16,3182.25,13.063,IDLE,0.05664
6,HBIS Handan,2022,5,0.058696,15025,0.033223,2017.47,3608.0,12.031,ACTIVE,0.05664
6,HBIS Handan,2022,6,0.065615,15805,0.034947,2231.68,4241.25,16.594,ACTIVE,0.05664
6,HBIS Handan,2022,7,0.067973,15814,0.034967,1969.98,3903.51,19.954,ACTIVE,0.05664
6,HBIS Handan,2022,8,0.066163,15925,0.035213,1965.68,3783.0,13.865,ACTIVE,0.05664
6,HBIS Handan,2022,9,0.063866,14781,0.032683,1539.26,3041.0,20.948,ACTIVE,0.05664
6,HBIS Handan,2022,10,0.067861,14978,0.033119,1393.9,2891.5,15.899,ACTIVE,0.05664
6,HBIS Handan,2022,12,0.063135,13435,0.029707,1231.16,2629.0,8.416,ACTIVE,0.05664
6,HBIS Handan,2023,2,0.051626,13418,0.029669,1543.54,2690.0,8.1,IDLE,0.05664
6,HBIS Handan,2023,3,0.049937,13072,0.028904,1680.53,2898.25,9.19,IDLE,0.05664
6,HBIS Handan,2023,4,0.047219,14027,0.031016,2080.42,3166.75,13.85,IDLE,0.05664
6,HBIS Handan,2023,5,0.061065,15014,0.033198,2037.29,3795.0,15.776,ACTIVE,0.05664
6,HBIS Handan,2023,6,0.06843,15693,0.0347,2079.52,4160.0,18.886,ACTIVE,0.05664
6,HBIS Handan,2023,7,0.068057,15829,0.035001,1963.42,3899.0,15.024,ACTIVE,0.05664
6,HBIS Handan,2023,8,0.064323,13877,0.030684,1665.51,3431.0,22.437,ACTIVE,0.05664
6,HBIS Handan,2023,9,0.062943,14752,0.032619,1614.74,3147.0,22.562,ACTIVE,0.05664
6,HBIS Handan,2023,10,0.068813,15274,0.033773,1392.67,2859.0,17.454,ACTIVE,0.05664
6,HBIS Handan,2023,11,0.070951,15377,0.034001,1290.27,2738.25,16.298,ACTIVE,0.05664
6,HBIS Handan,2023,12,0.069985,14476,0.032009,1176.11,2622.0,15.566,ACTIVE,0.05664
6,HBIS Handan,2024,1,0.062459,13555,0.029972,1273.41,2665.0,9.187,ACTIVE,0.05664
6,HBIS Handan,2024,2,0.05988,13503,0.029857,1393.06,2802.0,8.558,ACTIVE,0.05664
6,HBIS Handan,2024,3,0.050268,12481,0.027598,1592.49,2878.0,11.216,IDLE,0.05664
6,HBIS Handan,2024,4,0.059973,15314,0.033862,1911.34,3421.5,20.149,ACTIVE,0.05664
6,HBIS Handan,2024,5,0.065916,16005,0.03539,2123.72,4057.5,19.108,ACTIVE,0.05664
6,HBIS Handan,2024,6,0.066432,15730,0.034782,2116.17,4118.63,21.357,ACTIVE,0.05664
6,HBIS Handan,2024,7,0.06784,15454,0.034171,1942.88,3911.5,20.73,ACTIVE,0.05664
6,HBIS Handan,2024,8,0.071138,16160,0.035732,1669.05,3405.5,16.785,ACTIVE,0.05664
6,HBIS Handan,2024,10,0.06894,15912,0.035184,1416.96,2831.38,19.85,ACTIVE,0.05664
6,HBIS Handan,2024,11,0.069885,14867,0.032873,1270.11,2739.5,16.287,ACTIVE,0.05664
6,HBIS Handan,2024,12,0.064683,13644,0.030169,1235.58,2664.5,10.647,ACTIVE,0.05664
7,HBIS Shijiazhuang,2019,1,0.078845,18347,0.039839,1379.41,2887.25,8.387,ACTIVE,0.05664
7,HBIS Shijiazhuang,2019,2,0.078869,16746,0.036362,1366.01,3111.0,8.298,ACTIVE,0.05664
7,HBIS Shijiazhuang,2019,3,0.067262,16902,0.036701,1673.7,3198.68,7.655,ACTIVE,0.05664
7,HBIS Shijiazhuang,2019,4,0.057104,17145,0.037229,2087.82,3303.0,21.738,ACTIVE,0.05664
7,HBIS Shijiazhuang,2019,5,0.07475,18961,0.041172,2068.6,3958.43,17.425,ACTIVE,0.05664
7,HBIS Shijiazhuang,2019,6,0.06071,18983,0.04122,2145.14,3287.0,22.365,ACTIVE,0.05664
7,HBIS Shijiazhuang,2019,7,0.072255,17566,0.038143,2054.67,4094.57,19.676,ACTIVE,0.05664
7,HBIS Shijiazhuang,2019,8,0.081491,19107,0.041489,1765.31,3645.25,12.725,ACTIVE,0.05664
7,HBIS Shijiazhuang,2019,9,0.084965,19695,0.042766,1601.25,3391.25,8.367,ACTIVE,0.05664
7,HBIS Shijiazhuang,2019,10,0.089386,19007,0.041272,1370.75,3134.18,9.312,ACTIVE,0.05664
7,HBIS Shijiazhuang,2019,11,0.091478,19238,0.041774,1335.08,3118.75,8.608,ACTIVE,0.05664
7,HBIS Shijiazhuang,2019,12,0.088901,18368,0.039884,1308.43,3106.0,8.785,ACTIVE,0.05664
7,HBIS Shijiazhuang,2020,1,0.064399,13306,0.028893,1032.34,2271.68,13.042,ACTIVE,0.05664
7,HBIS Shijiazhuang,2020,2,0.077627,17106,0.037144,1445.41,3158.57,7.715,ACTIVE,0.05664
7,HBIS Shijiazhuang,2020,3,0.074658,19016,0.041292,1587.1,2983.0,12.621,ACTIVE,0.05664
7,HBIS Shijiazhuang,2020,4,0.078905,19732,0.042846,1810.12,3478.0,11.857,ACTIVE,0.05664
7,HBIS Shijiazhuang,2020,5,0.057147,15799,0.034306,2088.15,3544.0,9.608,ACTIVE,0.05664
7,HBIS Shijiazhuang,2020,6,0.07151,18780,0.040779,2165.12,3999.68,9.986,ACTIVE,0.05664
7,HBIS Shijiazhuang,2020,7,0.07075,16877,0.036647,2056.07,4162.25,21.808,ACTIVE,0.05664
7,HBIS Shijiazhuang,2020,8,0.105624,23454,0.050928,1902.48,4365.43,8.135,ACTIVE,0.05664
7,HBIS Shijiazhuang,2020,9,0.092319,20678,0.0449,1608.12,3546.18,8.364,ACTIVE,0.05664
7,HBIS Shijiazhuang,2020,10,0.093307,20730,0.045013,1412.33,3123.36,14.695,ACTIVE,0.05664
7,HBIS Shijiazhuang,2020,11,0.105892,21822,0.047385,1349.41,3223.0,10.761,ACTIVE,0.05664
7,HBIS Shijiazhuang,2020,12,0.092018,18187,0.039491,1223.44,3008.75,8.814,ACTIVE,0.05664
7,HBIS Shijiazhuang,2021,1,0.088593,20449,0.044403,1470.33,3098.75,7.434,ACTIVE,0.05664
7,HBIS Shijiazhuang,2021,2,0.078617,17995,0.039075,1517.54,3193.0,9.236,ACTIVE,0.05664
7,HBIS Shijiazhuang,2021,3,0.069028,16100,0.03496,1679.84,3444.75,10.855,ACTIVE,0.05664
7,HBIS Shijiazhuang,2021,4,0.07335,18986,0.041226,1858.1,3421.5,17.14,ACTIVE,0.05664
7,HBIS Shijiazhuang,2021,5,0.066136,18882,0.041001,2118.22,3582.25,11.869,ACTIVE,0.05664
7,HBIS Shijiazhuang,2021,6,0.068617,17659,0.038345,2089.39,3890.0,11.614,ACTIVE,0.05664
7,HBIS Shijiazhuang,2021,7,0.092252,19925,0.043265,2124.01,4965.0,7.992,ACTIVE,0.05664
7,HBIS Shijiazhuang,2021,8,0.000465,73,0.000159,2696.86,6992.5,2.137,IDLE,0.05664
7,HBIS Shijiazhuang,2021,9,0.073499,16216,0.035212,1563.41,3416.43,10.95,ACTIVE,0.05664
7,HBIS Shijiazhuang,2021,10,0.083579,18040,0.039172,1388.61,3120.75,14.565,ACTIVE,0.05664
7,HBIS Shijiazhuang,2021,11,0.088923,17453,0.037898,1249.5,3105.0,11.845,ACTIVE,0.05664
7,HBIS Shijiazhuang,2021,12,0.0969,18237,0.0396,1224.37,3206.5,7.904,ACTIVE,0.05664
7,HBIS Shijiazhuang,2022,1,0.086195,17893,0.038853,1303.7,3085.36,6.975,ACTIVE,0.05664
7,HBIS Shijiazhuang,2022,2,0.082372,16939,0.036782,1392.05,3239.0,9.927,ACTIVE,0.05664
7,HBIS Shijiazhuang,2022,3,0.074554,17338,0.037648,1642.95,3407.0,10.249,ACTIVE,0.05664
7,HBIS Shijiazhuang,2022,4,0.068648,16741,0.036352,1792.92,3476.03,21.645,ACTIVE,0.05664
7,HBIS Shijiazhuang,2022,5,0.069259,17510,0.038021,2025.3,3817.28,17.044,ACTIVE,0.05664
7,HBIS Shijiazhuang,2022,6,0.066588,16894,0.036684,2111.88,3944.0,12.188,ACTIVE,0.05664
7,HBIS Shijiazhuang,2022,7,0.077495,19509,0.042362,1941.63,3716.0,9.275,ACTIVE,0.05664
7,HBIS Shijiazhuang,2022,8,0.074213,18102,0.039307,1808.55,3539.5,9.761,ACTIVE,0.05664
7,HBIS Shijiazhuang,2022,9,0.083531,19208,0.041708,1578.44,3308.61,8.836,ACTIVE,0.05664
7,HBIS Shijiazhuang,2022,10,0.089221,18843,0.040916,1381.37,3112.75,12.228,ACTIVE,0.05664
7,HBIS Shijiazhuang,2022,11,0.086897,17142,0.037222,1227.11,2941.68,9.874,ACTIVE,0.05664
7,HBIS Shijiazhuang,2022,12,0.099642,19493,0.042327,1232.07,3042.68,7.853,ACTIVE,0.05664
7,HBIS Shijiazhuang,2023,1,0.090836,19177,0.041641,1345.07,3045.0,7.736,ACTIVE,0.05664
7,HBIS Shijiazhuang,2023,2,0.077699,17278,0.037518,1499.34,3170.5,9.075,ACTIVE,0.05664
7,HBIS Shijiazhuang,2023,3,0.067733,16301,0.035396,1628.96,3158.68,9.274,ACTIVE,0.05664
7,HBIS Shijiazhuang,2023,5,0.064223,16432,0.035681,1944.18,3565.25,19.446,ACTIVE,0.05664
7,HBIS Shijiazhuang,2023,6,0.060418,14730,0.031985,2039.74,3918.75,14.253,ACTIVE,0.05664
7,HBIS Shijiazhuang,2023,7,0.066159,16021,0.034788,1978.01,3809.03,21.065,ACTIVE,0.05664
7,HBIS Shijiazhuang,2023,8,0.070228,16537,0.035909,1721.85,3429.75,13.865,ACTIVE,0.05664
7,HBIS Shijiazhuang,2023,9,0.073215,16099,0.034958,1541.9,3268.5,21.855,ACTIVE,0.05664
7,HBIS Shijiazhuang,2023,10,0.089702,19240,0.041778,1383.68,3080.93,10.119,ACTIVE,0.05664
7,HBIS Shijiazhuang,2023,11,0.095473,19390,0.042104,1272.94,3021.5,8.353,ACTIVE,0.05664
7,HBIS Shijiazhuang,2023,12,0.073443,15163,0.032925,1055.35,2404.93,9.224,ACTIVE,0.05664
7,HBIS Shijiazhuang,2024,1,0.075148,16121,0.035005,1183.48,2594.68,9.048,ACTIVE,0.05664
7,HBIS Shijiazhuang,2024,2,0.079051,17010,0.036936,1386.01,3024.0,8.8,ACTIVE,0.05664
7,HBIS Shijiazhuang,2024,3,0.067698,16616,0.03608,1622.79,3089.0,7.84,ACTIVE,0.05664
7,HBIS Shijiazhuang,2024,4,0.069891,17907,0.038883,1852.63,3424.0,9.446,ACTIVE,0.05664
7,HBIS Shijiazhuang,2024,5,0.063671,16604,0.036054,1867.51,3360.0,14.527,ACTIVE,0.05664
7,HBIS Shijiazhuang,2024,6,0.066026,16226,0.035233,2075.02,4022.0,13.586,ACTIVE,0.05664
7,HBIS Shijiazhuang,2024,7,0.062388,15520,0.0337,1915.95,3593.93,11.084,ACTIVE,0.05664
7,HBIS Shijiazhuang,2024,8,0.065388,15135,0.032864,1574.05,3153.0,11.551,ACTIVE,0.05664
7,HBIS Shijiazhuang,2024,9,0.078233,17026,0.03697,1470.28,3196.86,9.726,ACTIVE,0.05664
7,HBIS Shijiazhuang,2024,10,0.079252,16798,0.036475,1310.71,2898.43,9.678,ACTIVE,0.05664
7,HBIS Shijiazhuang,2024,11,0.079853,16364,0.035533,1198.36,2744.0,9.077,ACTIVE,0.05664
7,HBIS Shijiazhuang,2024,12,0.089211,17270,0.0375,1188.79,2916.25,8.607,ACTIVE,0.05664
8,HBIS Tangshan,2019,1,0.070404,16110,0.034164,1512.17,3212.5,13.029,ACTIVE,0.05664
8,HBIS Tangshan,2019,2,0.058162,15854,0.033621,1738.44,3027.14,18.323,ACTIVE,0.05664
8,HBIS Tangshan,2019,3,0.058157,14962,0.03173,1835.87,3385.5,11.94,ACTIVE,0.05664
8,HBIS Tangshan,2019,4,0.063735,16639,0.035286,1984.78,3660.25,13.468,ACTIVE,0.05664
8,HBIS Tangshan,2019,5,0.073093,18593,0.03943,2111.45,4058.75,14.449,ACTIVE,0.05664
8,HBIS Tangshan,2019,6,0.071181,17069,0.036198,2118.9,4299.0,16.983,ACTIVE,0.05664
8,HBIS Tangshan,2019,7,0.080615,19238,0.040798,1979.16,4121.5,16.654,ACTIVE,0.05664
8,HBIS Tangshan,2019,8,0.075955,18407,0.039035,1798.15,3647.25,15.762,ACTIVE,0.05664
8,HBIS Tangshan,2019,9,0.076709,18235,0.038671,1738.32,3540.5,11.782,ACTIVE,0.05664
8,HBIS Tangshan,2019,10,0.075682,17573,0.037267,1611.6,3345.5,15.662,ACTIVE,0.05664
8,HBIS Tangshan,2019,11,0.0727,15097,0.032016,1407.63,3251.5,15.239,ACTIVE,0.05664
8,HBIS Tangshan,2019,12,0.067991,15293,0.032432,1455.44,3097.0,14.608,ACTIVE,0.05664
8,HBIS Tangshan,2020,1,0.06799,15169,0.032169,1435.77,3071.0,13.847,ACTIVE,0.05664
8,HBIS Tangshan,2020,2,0.073488,15513,0.032898,1270.37,2845.5,20.543,ACTIVE,0.05664
8,HBIS Tangshan,2020,3,0.054773,13088,0.027756,1697.82,3275.5,13.675,IDLE,0.05664
8,HBIS Tangshan,2020,4,0.059048,15377,0.03261,1972.42,3610.0,9.865,ACTIVE,0.05664
8,HBIS Tangshan,2020,5,0.068306,16323,0.034616,2063.42,4200.25,12.785,ACTIVE,0.05664
8,HBIS Tangshan,2020,6,0.069261,17531,0.037178,2111.17,4071.89,13.663,ACTIVE,0.05664
8,HBIS Tangshan,2020,7,0.05318,9105,0.019309,1609.17,4136.27,9.601,IDLE,0.05664
8,HBIS Tangshan,2020,8,0.044572,11959,0.025361,2021.7,3506.5,8.956,IDLE,0.05664
8,HBIS Tangshan,2020,9,0.078521,18341,0.038895,1623.24,3396.5,10.224,ACTIVE,0.05664
8,HBIS Tangshan,2020,10,0.08027,18716,0.039691,1603.91,3374.0,17.004,ACTIVE,0.05664
8,HBIS Tangshan,2020,11,0.067723,15057,0.031931,1496.48,3177.25,11.017,ACTIVE,0.05664
8,HBIS Tangshan,2020,12,0.068712,15253,0.032347,1462.93,3120.0,7.215,ACTIVE,0.05664
8,HBIS Tangshan,2021,1,0.064907,14705,0.031185,1530.48,3212.0,6.522,ACTIVE,0.05664
8,HBIS Tangshan,2021,2,0.053835,12717,0.026969,1632.07,3211.5,10.22,IDLE,0.05664
8,HBIS Tangshan,2021,3,0.046772,12743,0.027024,1876.84,3205.75,11.131,IDLE,0.05664
8,HBIS Tangshan,2021,4,0.056334,14549,0.030854,1933.29,3546.5,11.909,IDLE,0.05664
8,HBIS Tangshan,2021,5,0.067197,16133,0.034213,2150.34,4363.75,13.177,ACTIVE,0.05664
8,HBIS Tangshan,2021,7,0.080028,17738,0.037617,2066.68,4584.0,14.096,ACTIVE,0.05664
8,HBIS Tangshan,2021,8,0.079672,18566,0.039373,1789.34,3773.27,14.482,ACTIVE,0.05664
8,HBIS Tangshan,2021,9,0.079524,18012,0.038198,1610.89,3487.42,13.965,ACTIVE,0.05664
8,HBIS Tangshan,2021,10,0.078734,16907,0.035854,1478.3,3279.75,15.017,ACTIVE,0.05664
8,HBIS Tangshan,2021,11,0.068103,14009,0.029709,1255.77,2859.5,11.256,ACTIVE,0.05664
8,HBIS Tangshan,2021,12,0.067513,14833,0.031456,1447.65,3121.5,7.985,ACTIVE,0.05664
8,HBIS Tangshan,2022,1,0.061742,13960,0.029605,1518.01,3135.0,12.087,ACTIVE,0.05664
8,HBIS Tangshan,2022,2,0.060858,13689,0.02903,1527.18,3154.25,12.08,ACTIVE,0.05664
8,HBIS Tangshan,2022,3,0.04157,11720,0.024854,1967.77,3234.0,12.023,IDLE,0.05664
8,HBIS Tangshan,2022,4,0.052084,13403,0.028424,2101.94,3832.5,10.532,IDLE,0.05664
8,HBIS Tangshan,2022,5,0.044839,7890,0.016732,1736.63,4305.1,7.034,IDLE,0.05664
8,HBIS Tangshan,2022,6,0.071924,16388,0.034754,2160.73,4570.25,16.558,ACTIVE,0.05664
8,HBIS Tangshan,2022,7,0.073067,17166,0.036404,2021.56,4203.77,19.017,ACTIVE,0.05664
8,HBIS Tangshan,2022,8,0.08235,18971,0.040231,1739.18,3703.75,13.089,ACTIVE,0.05664
8,HBIS Tangshan,2022,9,0.080399,18473,0.039175,1663.69,3555.5,8.396,ACTIVE,0.05664
8,HBIS Tangshan,2022,10,0.078124,17534,0.037184,1557.06,3345.89,14.075,ACTIVE,0.05664
8,HBIS Tangshan,2022,11,0.065895,14184,0.03008,1428.2,3115.5,13.386,ACTIVE,0.05664
8,HBIS Tangshan,2022,12,0.062166,13570,0.028778,1474.72,3165.75,11.485,ACTIVE,0.05664
8,HBIS Tangshan,2023,1,0.055495,13078,0.027734,1590.96,3157.25,7.317,IDLE,0.05664
8,HBIS Tangshan,2023,2,0.05691,13026,0.027624,1573.66,3214.0,10.038,ACTIVE,0.05664
8,HBIS Tangshan,2023,3,0.046177,11923,0.025285,1873.41,3321.5,18.743,IDLE,0.05664
8,HBIS Tangshan,2023,4,0.053953,15065,0.031948,2109.27,3552.5,16.839,IDLE,0.05664
8,HBIS Tangshan,2023,5,0.064534,15507,0.032885,2140.38,4182.0,19.919,ACTIVE,0.05664
8,HBIS Tangshan,2023,6,0.06769,15343,0.032538,2193.25,4541.5,16.652,ACTIVE,0.05664
8,HBIS Tangshan,2023,7,0.071687,15814,0.033536,2008.72,4339.25,17.746,ACTIVE,0.05664
8,HBIS Tangshan,2023,8,0.069685,16571,0.035142,1738.6,3498.1,23.119,ACTIVE,0.05664
8,HBIS Tangshan,2023,9,0.076254,17615,0.037356,1718.29,3586.0,13.728,ACTIVE,0.05664
8,HBIS Tangshan,2023,10,0.076929,16946,0.035937,1465.23,3211.41,14.307,ACTIVE,0.05664
8,HBIS Tangshan,2023,11,0.062036,13672,0.028994,1387.34,2953.0,10.597,ACTIVE,0.05664
8,HBIS Tangshan,2023,12,0.074097,13897,0.029471,871.92,2143.0,19.805,ACTIVE,0.05664
8,HBIS Tangshan,2024,1,0.061093,13306,0.028218,1340.09,2863.25,12.56,ACTIVE,0.05664
8,HBIS Tangshan,2024,2,0.049032,11486,0.024358,1647.22,3213.5,10.589,IDLE,0.05664
8,HBIS Tangshan,2024,3,0.042418,10457,0.022176,1791.65,3235.0,18.192,IDLE,0.05664
8,HBIS Tangshan,2024,4,0.047429,12520,0.026551,1995.63,3459.0,20.985,IDLE,0.05664
8,HBIS Tangshan,2024,5,0.059914,14310,0.030347,2033.82,3944.5,19.198,ACTIVE,0.05664
8,HBIS Tangshan,2024,6,0.068645,15651,0.033191,2122.37,4359.89,17.758,ACTIVE,0.05664
8,HBIS Tangshan,2024,7,0.075691,16872,0.03578,1915.33,4106.5,18.887,ACTIVE,0.05664
8,HBIS Tangshan,2024,8,0.076659,17260,0.036603,1804.05,3879.39,19.711,ACTIVE,0.05664
8,HBIS Tangshan,2024,9,0.080275,18028,0.038232,1588.82,3451.0,13.983,ACTIVE,0.05664
8,HBIS Tangshan,2024,10,0.077203,16816,0.035661,1464.12,3239.5,23.005,ACTIVE,0.05664
8,HBIS Tangshan,2024,11,0.064067,13805,0.029276,1415.06,3072.25,18.814,ACTIVE,0.05664
8,HBIS Tangshan,2024,12,0.057017,11984,0.025414,1417.45,3089.0,12.711,ACTIVE,0.05664
9,Shougang Jingtang,2019,1,0.014868,2947,0.006282,1533.63,3358.75,2.867,IDLE,0.05664
9,Shougang Jingtang,2019,2,0.005641,1241,0.002645,1577.24,3211.5,2.704,IDLE,0.05664
9,Shougang Jingtang,2019,3,0.001004,224,0.000477,1751.39,3088.5,2.936,IDLE,0.05664
9,Shougang Jingtang,2019,4,0.05495,10129,0.021591,1308.93,3299.33,3.676,IDLE,0.05664
9,Shougang Jingtang,2019,5,0.228877,40461,0.086246,1073.19,3130.0,5.642,ACTIVE,0.05664
9,Shougang Jingtang,2019,6,0.237421,39978,0.085217,1065.65,3287.42,14.878,ACTIVE,0.05664
9,Shougang Jingtang,2019,7,0.24986,40085,0.085445,972.72,3151.75,6.584,ACTIVE,0.05664
9,Shougang Jingtang,2019,8,0.279347,37981,0.08096,793.52,3062.83,5.33,ACTIVE,0.05664
9,Shougang Jingtang,2019,9,0.262926,37891,0.080768,833.97,2980.0,4.979,ACTIVE,0.05664
9,Shougang Jingtang,2019,10,0.184798,29446,0.062767,908.78,2848.0,4.997,ACTIVE,0.05664
9,Shougang Jingtang,2019,11,0.179572,29656,0.063214,1143.57,3383.5,3.685,ACTIVE,0.05664
9,Shougang Jingtang,2019,12,0.094052,18158,0.038705,1268.91,3125.5,3.93,ACTIVE,0.05664
9,Shougang Jingtang,2020,1,0.054262,10550,0.022488,1287.59,3096.5,3.614,IDLE,0.05664
9,Shougang Jingtang,2020,2,0.015522,3549,0.007565,1583.98,3096.0,3.669,IDLE,0.05664
9,Shougang Jingtang,2020,3,0.002722,584,0.001245,1708.46,3355.0,3.28,IDLE,0.05664
9,Shougang Jingtang,2020,4,0.10368,19089,0.04069,1241.74,3253.0,4.284,ACTIVE,0.05664
9,Shougang Jingtang,2020,5,0.246071,39639,0.084494,1001.8,3192.92,5.791,ACTIVE,0.05664
9,Shougang Jingtang,2020,6,0.233428,39153,0.083458,1029.86,3208.5,10.54,ACTIVE,0.05664
9,Shougang Jingtang,2020,7,0.248682,38386,0.081823,971.12,3256.5,7.49,ACTIVE,0.05664
9,Shougang Jingtang,2020,8,0.231885,36936,0.078732,915.84,3055.0,7.134,ACTIVE,0.05664
9,Shougang Jingtang,2020,9,0.268233,35731,0.076164,740.58,2920.25,6.347,ACTIVE,0.05664
9,Shougang Jingtang,2020,10,0.18563,29662,0.063227,902.84,2811.0,5.582,ACTIVE,0.05664
9,Shougang Jingtang,2020,11,0.169335,27339,0.058275,1103.43,3305.75,4.183,ACTIVE,0.05664
9,Shougang Jingtang,2020,12,0.070148,13717,0.029239,1322.53,3171.0,8.723,ACTIVE,0.05664
9,Shougang Jingtang,2021,1,0.010865,2242,0.004779,1795.09,3763.0,2.944,IDLE,0.05664
9,Shougang Jingtang,2021,2,0.016386,3347,0.007134,1506.47,3267.5,3.556,IDLE,0.05664
9,Shougang Jingtang,2021,3,0.008693,2166,0.004617,1717.2,3022.75,4.241,IDLE,0.05664
9,Shougang Jingtang,2021,4,0.022869,4492,0.009575,1463.86,3326.5,3.612,IDLE,0.05664
9,Shougang Jingtang,2021,5,0.220105,36955,0.078773,1135.24,3408.5,4.789,ACTIVE,0.05664
9,Shougang Jingtang,2021,6,0.321366,45213,0.096375,1029.4,3705.5,10.576,ACTIVE,0.05664
9,Shougang Jingtang,2021,7,0.237787,35515,0.075703,951.4,3387.75,10.996,ACTIVE,0.05664
9,Shougang Jingtang,2021,8,0.294019,37122,0.079129,746.91,3156.0,6.294,ACTIVE,0.05664
9,Shougang Jingtang,2021,9,0.282985,37619,0.080188,766.58,3052.0,6.53,ACTIVE,0.05664
9,Shougang Jingtang,2021,10,0.234024,32895,0.070119,749.19,2734.5,6.362,ACTIVE,0.05664
9,Shougang Jingtang,2021,11,0.075276,12561,0.026775,994.22,2807.25,4.724,ACTIVE,0.05664
9,Shougang Jingtang,2021,12,0.055851,11087,0.023633,1282.0,3024.0,4.442,IDLE,0.05664
9,Shougang Jingtang,2022,1,0.018681,3864,0.008236,1480.6,3234.0,3.63,IDLE,0.05664
9,Shougang Jingtang,2022,2,0.027883,5664,0.012073,1495.97,3369.25,3.706,IDLE,0.05664
9,Shougang Jingtang,2022,3,0.004744,1077,0.002296,1835.11,3391.92,3.586,IDLE,0.05664
9,Shougang Jingtang,2022,4,0.00401,828,0.001765,1699.86,3444.0,3.238,IDLE,0.05664
9,Shougang Jingtang,2022,5,0.272482,41589,0.088651,1080.65,3559.5,6.579,ACTIVE,0.05664
9,Shougang Jingtang,2022,6,0.239801,42502,0.090597,1235.2,3621.0,11.161,ACTIVE,0.05664
9,Shougang Jingtang,2022,7,0.231694,33628,0.071681,949.22,3435.83,11.637,ACTIVE,0.05664
9,Shougang Jingtang,2022,8,0.254209,37509,0.079954,907.29,3237.5,5.683,ACTIVE,0.05664
9,Shougang Jingtang,2022,9,0.280186,39713,0.084652,865.25,3182.0,5.228,ACTIVE,0.05664
9,Shougang Jingtang,2023,3,0.005686,1258,0.002682,1710.66,3198.75,3.251,IDLE,0.05664
9,Shougang Jingtang,2023,4,0.050867,9537,0.020329,1350.04,3288.75,3.706,IDLE,0.05664
9,Shougang Jingtang,2023,5,0.211711,40183,0.085654,1222.24,3327.5,5.337,ACTIVE,0.05664
9,Shougang Jingtang,2023,6,0.303022,42581,0.090765,1005.74,3701.5,9.38,ACTIVE,0.05664
9,Shougang Jingtang,2023,7,0.24341,36177,0.077114,977.17,3508.25,10.171,ACTIVE,0.05664
9,Shougang Jingtang,2023,8,0.252039,36800,0.078442,914.31,3297.0,5.423,ACTIVE,0.05664
9,Shougang Jingtang,2023,9,0.244436,35205,0.075043,874.48,3137.25,5.263,ACTIVE,0.05664
9,Shougang Jingtang,2023,10,0.18603,29233,0.062313,936.61,3048.5,4.827,ACTIVE,0.05664
9,Shougang Jingtang,2023,11,0.11883,20680,0.044081,1194.25,3260.25,3.446,ACTIVE,0.05664
9,Shougang Jingtang,2023,12,0.024329,4529,0.009654,1126.38,2440.0,4.555,IDLE,0.05664
9,Shougang Jingtang,2024,1,0.061134,12079,0.025747,1369.9,3204.0,3.896,ACTIVE,0.05664
9,Shougang Jingtang,2024,2,0.049114,9696,0.020668,1480.88,3478.25,3.335,IDLE,0.05664
9,Shougang Jingtang,2024,3,0.008278,1816,0.003871,1738.92,3369.0,3.434,IDLE,0.05664
9,Shougang Jingtang,2024,4,0.047981,9754,0.020792,1377.6,3126.5,3.864,IDLE,0.05664
9,Shougang Jingtang,2024,5,0.216545,35884,0.07649,1113.2,3438.25,6.592,ACTIVE,0.05664
9,Shougang Jingtang,2024,6,0.182701,34556,0.073659,1308.72,3624.5,9.151,ACTIVE,0.05664
9,Shougang Jingtang,2024,7,0.234202,35870,0.07646,1074.6,3619.5,7.659,ACTIVE,0.05664
9,Shougang Jingtang,2024,8,0.234436,34073,0.07263,937.44,3399.0,5.789,ACTIVE,0.05664
9,Shougang Jingtang,2024,9,0.199727,31624,0.067409,954.64,3075.92,5.249,ACTIVE,0.05664
9,Shougang Jingtang,2024,10,0.155987,25347,0.054029,964.32,2918.0,5.146,ACTIVE,0.05664
9,Shougang Jingtang,2024,11,0.074713,13145,0.02802,1151.84,3046.0,4.085,ACTIVE,0.05664
9,Shougang Jingtang,2024,12,0.032181,6490,0.013834,1484.77,3311.0,3.574,IDLE,0.05664
10,Shougang Beijing,2019,1,0.069306,16464,0.034737,1574.05,3196.5,10.275,ACTIVE,0.05664
10,Shougang Beijing,2019,2,0.061521,15724,0.033176,1654.96,3052.5,16.754,ACTIVE,0.05664
10,Shougang Beijing,2019,3,0.052681,13531,0.028549,1800.36,3231.25,21.453,IDLE,0.05664
10,Shougang Beijing,2019,4,0.054925,13955,0.029444,1942.33,3553.21,21.456,IDLE,0.05664
10,Shougang Beijing,2019,5,0.065148,15142,0.031948,1955.17,3982.5,18.517,ACTIVE,0.05664
10,Shougang Beijing,2019,6,0.062236,13941,0.029414,1979.07,4099.0,19.495,ACTIVE,0.05664
10,Shougang Beijing,2019,7,0.068408,15080,0.031817,1955.16,4252.5,18.516,ACTIVE,0.05664
10,Shougang Beijing,2019,8,0.07689,17688,0.03732,1661.27,3515.82,23.184,ACTIVE,0.05664
10,Shougang Beijing,2019,9,0.067055,16968,0.035801,1642.3,3112.0,27.866,ACTIVE,0.05664
10,Shougang Beijing,2019,10,0.073023,16577,0.034976,1371.17,2903.5,20.326,ACTIVE,0.05664
10,Shougang Beijing,2019,11,0.06039,13664,0.02883,1426.3,2896.0,22.764,ACTIVE,0.05664
10,Shougang Beijing,2019,12,0.069953,14785,0.031195,1352.76,2992.5,15.18,ACTIVE,0.05664
10,Shougang Beijing,2020,1,0.068452,14827,0.031283,1357.35,2949.5,11.869,ACTIVE,0.05664
10,Shougang Beijing,2020,2,0.053994,13221,0.027895,1534.1,2902.21,18.406,IDLE,0.05664
10,Shougang Beijing,2020,3,0.053605,13419,0.028313,1716.19,3161.0,23.629,IDLE,0.05664
10,Shougang Beijing,2020,4,0.061273,15291,0.032262,1782.66,3360.0,23.705,ACTIVE,0.05664
10,Shougang Beijing,2020,5,0.060246,14902,0.031442,1881.13,3591.5,24.305,ACTIVE,0.05664
10,Shougang Beijing,2020,6,0.06283,14255,0.030077,1916.57,3950.5,20.945,ACTIVE,0.05664
10,Shougang Beijing,2020,7,0.067657,13992,0.029522,1852.38,4211.5,19.475,ACTIVE,0.05664
10,Shougang Beijing,2020,8,0.07011,15130,0.031923,1562.7,3447.14,25.187,ACTIVE,0.05664
10,Shougang Beijing,2020,9,0.082177,18925,0.03993,1495.0,3161.5,24.822,ACTIVE,0.05664
10,Shougang Beijing,2020,10,0.084386,18795,0.039655,1363.64,2973.5,20.314,ACTIVE,0.05664
10,Shougang Beijing,2020,11,0.07093,15811,0.033359,1394.44,2954.07,17.892,ACTIVE,0.05664
10,Shougang Beijing,2020,12,0.065554,14215,0.029992,1360.44,2938.0,13.636,ACTIVE,0.05664
10,Shougang Beijing,2021,1,0.068941,16988,0.035843,1569.29,3068.75,10.077,ACTIVE,0.05664
10,Shougang Beijing,2021,2,0.058878,15473,0.032646,1671.37,3009.25,15.335,ACTIVE,0.05664
10,Shougang Beijing,2021,3,0.281526,27622,0.058279,1108.48,6271.43,4.49,ACTIVE,0.05664
10,Shougang Beijing,2021,4,0.055218,15045,0.031743,1884.69,3266.0,21.393,IDLE,0.05664
10,Shougang Beijing,2021,5,0.058921,14422,0.030429,1897.72,3674.0,22.471,ACTIVE,0.05664
10,Shougang Beijing,2021,6,0.066703,14072,0.02969,1911.92,4292.25,17.959,ACTIVE,0.05664
10,Shougang Beijing,2021,7,0.074072,15697,0.033119,1677.6,3829.5,21.542,ACTIVE,0.05664
10,Shougang Beijing,2021,8,0.068903,15387,0.032465,1650.9,3562.82,24.451,ACTIVE,0.05664
10,Shougang Beijing,2021,9,0.071442,16119,0.034009,1386.56,2950.0,28.028,ACTIVE,0.05664
10,Shougang Beijing,2021,10,0.079593,18219,0.03844,1352.31,2866.43,17.026,ACTIVE,0.05664
10,Shougang Beijing,2021,11,0.051245,11151,0.023527,1327.54,2683.5,22.167,IDLE,0.05664
10,Shougang Beijing,2021,12,0.064839,14162,0.02988,1340.66,2862.5,13.524,ACTIVE,0.05664
10,Shougang Beijing,2022,1,0.071684,15731,0.033191,1374.66,2978.0,11.631,ACTIVE,0.05664
10,Shougang Beijing,2022,2,0.06429,14886,0.031408,1503.66,3041.5,18.096,ACTIVE,0.05664
10,Shougang Beijing,2022,3,0.054682,13799,0.029114,1717.81,3149.21,22.06,IDLE,0.05664
10,Shougang Beijing,2022,4,0.051254,12674,0.026741,1722.11,3139.43,23.6,IDLE,0.05664
10,Shougang Beijing,2022,5,0.067191,15864,0.033471,1823.38,3683.5,21.355,ACTIVE,0.05664
10,Shougang Beijing,2022,6,0.06561,14743,0.031106,1851.78,3906.0,19.314,ACTIVE,0.05664
10,Shougang Beijing,2022,7,0.080619,17481,0.036883,1768.08,4089.21,20.472,ACTIVE,0.05664
10,Shougang Beijing,2022,8,0.078076,17117,0.036115,1571.29,3501.0,22.94,ACTIVE,0.05664
10,Shougang Beijing,2022,9,0.082288,19141,0.040385,1455.33,3058.71,26.07,ACTIVE,0.05664
10,Shougang Beijing,2022,10,0.088565,20210,0.042641,1425.87,3099.75,18.84,ACTIVE,0.05664
10,Shougang Beijing,2022,11,0.068129,14610,0.030826,1314.2,2849.5,21.083,ACTIVE,0.05664
10,Shougang Beijing,2022,12,0.071453,15357,0.032402,1330.16,2928.5,11.092,ACTIVE,0.05664
10,Shougang Beijing,2023,1,0.066752,15404,0.032501,1466.08,3038.61,12.056,ACTIVE,0.05664
10,Shougang Beijing,2023,2,0.058292,13724,0.028956,1559.09,3090.0,16.887,ACTIVE,0.05664
10,Shougang Beijing,2023,3,0.055577,14401,0.030385,1741.45,3149.5,19.065,IDLE,0.05664
10,Shougang Beijing,2023,4,0.060197,15015,0.03168,1716.12,3185.71,23.691,ACTIVE,0.05664
10,Shougang Beijing,2023,5,0.064521,16311,0.034414,1838.94,3460.5,22.176,ACTIVE,0.05664
10,Shougang Beijing,2023,6,0.063329,13560,0.02861,1872.99,4056.5,19.022,ACTIVE,0.05664
10,Shougang Beijing,2023,7,0.06671,14608,0.030821,1792.44,3906.5,21.185,ACTIVE,0.05664
10,Shougang Beijing,2023,8,0.074913,17222,0.036337,1581.14,3313.5,24.515,ACTIVE,0.05664
10,Shougang Beijing,2023,9,0.075268,17441,0.036799,1445.54,3021.5,27.832,ACTIVE,0.05664
10,Shougang Beijing,2023,10,0.084319,18560,0.03916,1296.2,2855.0,21.369,ACTIVE,0.05664
10,Shougang Beijing,2023,11,0.070698,15279,0.032237,1325.13,2859.5,20.31,ACTIVE,0.05664
10,Shougang Beijing,2023,12,0.074696,15361,0.03241,1018.01,2354.0,15.75,ACTIVE,0.05664
10,Shougang Beijing,2024,1,0.073604,16105,0.03398,1333.62,2921.25,11.229,ACTIVE,0.05664
10,Shougang Beijing,2024,2,0.065108,16208,0.034197,1624.27,3136.25,11.926,ACTIVE,0.05664
10,Shougang Beijing,2024,3,0.055195,14088,0.029724,1717.33,3130.0,23.498,IDLE,0.05664
10,Shougang Beijing,2024,4,0.066656,17455,0.036828,1773.37,3198.0,24.354,ACTIVE,0.05664
10,Shougang Beijing,2024,5,0.062909,13837,0.029195,1771.01,3716.5,21.244,ACTIVE,0.05664
10,Shougang Beijing,2024,6,0.0685,14492,0.030577,1848.93,4031.5,18.752,ACTIVE,0.05664
10,Shougang Beijing,2024,7,0.075932,16635,0.035098,1678.03,3664.5,22.128,ACTIVE,0.05664
10,Shougang Beijing,2024,8,0.068798,16831,0.035512,1631.8,3204.0,25.833,ACTIVE,0.05664
10,Shougang Beijing,2024,9,0.081466,17667,0.037275,1369.01,3024.5,25.209,ACTIVE,0.05664
10,Shougang Beijing,2024,10,0.090513,19458,0.041054,1272.64,2892.75,21.851,ACTIVE,0.05664
10,Shougang Beijing,2024,11,0.07656,16634,0.035096,1307.69,2868.5,19.212,ACTIVE,0.05664
10,Shougang Beijing,2024,12,0.08144,16814,0.035476,1285.24,3031.11,14.457,ACTIVE,0.05664
11,Ansteel Anshan,2019,1,0.077451,13161,0.027282,988.51,2593.01,26.049,ACTIVE,0.05664
11,Ansteel Anshan,2019,2,0.067428,14916,0.03092,1163.68,2484.5,19.73,ACTIVE,0.05664
11,Ansteel Anshan,2019,3,0.062292,14065,0.029156,1373.94,2845.75,27.195,ACTIVE,0.05664
11,Ansteel Anshan,2019,4,0.064644,16066,0.033304,1471.63,2871.5,15.237,ACTIVE,0.05664
11,Ansteel Anshan,2019,5,0.069247,17261,0.035782,1553.15,3082.5,12.911,ACTIVE,0.05664
11,Ansteel Anshan,2019,6,0.072202,16340,0.033872,1624.88,3520.5,21.585,ACTIVE,0.05664
11,Ansteel Anshan,2019,7,0.089921,20141,0.041752,1620.92,3789.25,14.658,ACTIVE,0.05664
11,Ansteel Anshan,2019,9,0.078949,18061,0.03744,1232.4,2724.25,17.19,ACTIVE,0.05664
11,Ansteel Anshan,2019,10,0.085311,19106,0.039606,1120.45,2554.0,19.582,ACTIVE,0.05664
11,Ansteel Anshan,2019,11,0.081681,16615,0.034442,983.71,2381.0,21.854,ACTIVE,0.05664
11,Ansteel Anshan,2020,1,0.079931,14691,0.030454,894.18,2320.5,28.212,ACTIVE,0.05664
11,Ansteel Anshan,2020,2,0.076837,14655,0.030379,991.01,2401.5,23.96,ACTIVE,0.05664
11,Ansteel Anshan,2020,3,0.063292,15499,0.032129,1323.19,2608.5,17.494,ACTIVE,0.05664
11,Ansteel Anshan,2020,4,0.064811,16333,0.033858,1475.3,2873.75,15.113,ACTIVE,0.05664
11,Ansteel Anshan,2020,5,0.061567,14866,0.030817,1557.96,3077.0,28.381,ACTIVE,0.05664
11,Ansteel Anshan,2020,6,0.061692,15533,0.032199,1655.44,3204.0,22.978,ACTIVE,0.05664
11,Ansteel Anshan,2020,7,0.214998,29458,0.061066,1989.24,8502.5,7.48,ACTIVE,0.05664
11,Ansteel Anshan,2020,8,0.139088,28290,0.058644,1644.78,4315.0,9.879,ACTIVE,0.05664
11,Ansteel Anshan,2020,9,0.082964,14002,0.029026,1196.69,3287.0,18.562,ACTIVE,0.05664
11,Ansteel Anshan,2020,10,0.075919,17207,0.03567,1118.49,2421.0,32.265,ACTIVE,0.05664
11,Ansteel Anshan,2020,11,0.074381,16059,0.03329,1054.33,2341.25,20.336,ACTIVE,0.05664
11,Ansteel Anshan,2020,12,0.078243,14763,0.030603,970.62,2394.0,25.526,ACTIVE,0.05664
11,Ansteel Anshan,2021,1,0.068082,10625,0.022025,996.14,2549.5,24.613,ACTIVE,0.05664
11,Ansteel Anshan,2021,2,0.06337,14379,0.029807,1089.58,2292.5,24.147,ACTIVE,0.05664
11,Ansteel Anshan,2021,3,0.05851,14924,0.030937,1300.48,2465.5,23.047,ACTIVE,0.05664
11,Ansteel Anshan,2021,4,0.061023,15264,0.031642,1428.39,2767.25,16.393,ACTIVE,0.05664
11,Ansteel Anshan,2021,5,0.058226,14979,0.031051,1556.51,2895.25,25.799,ACTIVE,0.05664
11,Ansteel Anshan,2021,6,0.151576,31899,0.066126,1893.01,4813.0,9.509,ACTIVE,0.05664
11,Ansteel Anshan,2021,7,0.213414,20400,0.042289,425.87,2295.5,6.699,ACTIVE,0.05664
11,Ansteel Anshan,2021,9,0.075013,13462,0.027906,1241.27,3536.01,22.071,ACTIVE,0.05664
11,Ansteel Anshan,2021,10,0.081448,16083,0.03334,1053.88,2571.0,29.515,ACTIVE,0.05664
11,Ansteel Anshan,2021,11,0.056277,10551,0.021872,781.59,1770.0,38.361,IDLE,0.05664
11,Ansteel Anshan,2021,12,0.080683,14809,0.030699,945.73,2383.75,18.715,ACTIVE,0.05664
11,Ansteel Anshan,2022,1,0.07878,15734,0.032616,958.47,2290.0,23.151,ACTIVE,0.05664
11,Ansteel Anshan,2022,2,0.071658,15150,0.031405,981.03,2215.03,29.483,ACTIVE,0.05664
11,Ansteel Anshan,2022,3,0.069398,12874,0.026687,857.26,2105.0,37.577,ACTIVE,0.05664
11,Ansteel Anshan,2022,4,0.058483,14744,0.030564,1429.64,2730.5,22.134,ACTIVE,0.05664
11,Ansteel Anshan,2022,5,0.078606,15359,0.031839,1563.96,4107.5,17.301,ACTIVE,0.05664
11,Ansteel Anshan,2022,6,0.068816,15867,0.032892,1600.11,3366.5,26.708,ACTIVE,0.05664
11,Ansteel Anshan,2022,8,0.170175,30934,0.064125,1561.54,4784.25,10.664,ACTIVE,0.05664
11,Ansteel Anshan,2022,9,0.079065,18391,0.038124,1170.55,2519.5,21.109,ACTIVE,0.05664
11,Ansteel Anshan,2022,10,0.082393,17293,0.035848,1094.04,2565.25,20.149,ACTIVE,0.05664
11,Ansteel Anshan,2022,11,0.074253,14573,0.030209,995.7,2370.0,30.42,ACTIVE,0.05664
11,Ansteel Anshan,2022,12,0.081051,16331,0.033854,940.48,2257.5,21.355,ACTIVE,0.05664
11,Ansteel Anshan,2023,1,0.063901,13692,0.028383,1106.82,2348.5,31.137,ACTIVE,0.05664
11,Ansteel Anshan,2023,2,0.059463,12779,0.02649,1278.52,2654.0,30.102,ACTIVE,0.05664
11,Ansteel Anshan,2023,3,0.066814,16851,0.034932,1358.55,2634.5,15.642,ACTIVE,0.05664
11,Ansteel Anshan,2023,4,0.062534,15381,0.031884,1425.38,2784.75,14.678,ACTIVE,0.05664
11,Ansteel Anshan,2023,5,0.067459,16116,0.033408,1493.89,3097.5,14.07,ACTIVE,0.05664
11,Ansteel Anshan,2023,6,0.06801,16465,0.034131,1589.62,3226.5,16.114,ACTIVE,0.05664
11,Ansteel Anshan,2023,7,0.193201,34375,0.071258,2522.79,7514.0,3.884,ACTIVE,0.05664
11,Ansteel Anshan,2023,9,0.087552,19882,0.041215,1191.84,2689.75,16.288,ACTIVE,0.05664
11,Ansteel Anshan,2023,10,0.080562,17540,0.03636,1033.57,2366.25,21.41,ACTIVE,0.05664
11,Ansteel Anshan,2023,11,0.065115,13515,0.028016,974.51,2197.75,26.962,ACTIVE,0.05664
11,Ansteel Anshan,2023,12,0.069586,14774,0.030626,1010.06,2280.0,21.774,ACTIVE,0.05664
11,Ansteel Anshan,2024,1,0.081017,15689,0.032523,901.19,2256.0,22.587,ACTIVE,0.05664
11,Ansteel Anshan,2024,2,0.077009,15812,0.032778,888.52,2119.0,25.887,ACTIVE,0.05664
11,Ansteel Anshan,2024,3,0.065063,15817,0.032788,1257.22,2514.75,27.728,ACTIVE,0.05664
11,Ansteel Anshan,2024,4,0.064815,16329,0.03385,1520.81,2939.27,17.747,ACTIVE,0.05664
11,Ansteel Anshan,2024,5,0.068314,17516,0.03631,1536.45,2969.5,17.302,ACTIVE,0.05664
11,Ansteel Anshan,2024,6,0.071428,17490,0.036256,1566.49,3171.75,20.896,ACTIVE,0.05664
11,Ansteel Anshan,2024,7,0.062205,15849,0.032854,1532.33,2902.0,32.028,ACTIVE,0.05664
11,Ansteel Anshan,2024,9,0.091005,19082,0.039556,1150.99,2720.0,20.251,ACTIVE,0.05664
11,Ansteel Anshan,2024,10,0.083371,18844,0.039063,1059.33,2359.0,20.868,ACTIVE,0.05664
11,Ansteel Anshan,2024,11,0.073773,13982,0.028984,975.74,2376.25,15.985,ACTIVE,0.05664
11,Ansteel Anshan,2024,12,0.082025,16029,0.033228,960.37,2371.01,28.621,ACTIVE,0.05664
12,Ansteel Bayuquan,2019,1,0.068329,13870,0.029201,1454.62,3474.73,6.645,ACTIVE,0.05664
12,Ansteel Bayuquan,2019,2,0.062782,13481,0.028382,1526.48,3438.73,6.88,ACTIVE,0.05664
12,Ansteel Bayuquan,2019,3,0.060884,13114,0.02761,1716.47,3831.5,6.756,ACTIVE,0.05664
12,Ansteel Bayuquan,2019,4,0.058791,13080,0.027538,1907.26,4115.25,6.674,ACTIVE,0.05664
12,Ansteel Bayuquan,2019,5,0.068295,14419,0.030357,2028.73,4762.0,8.334,ACTIVE,0.05664
12,Ansteel Bayuquan,2019,6,0.085168,15722,0.0331,2096.01,5747.0,9.581,ACTIVE,0.05664
12,Ansteel Bayuquan,2019,7,0.080004,14173,0.029839,2013.33,5540.0,13.472,ACTIVE,0.05664
12,Ansteel Bayuquan,2019,8,0.083378,15653,0.032955,1819.66,4873.0,9.078,ACTIVE,0.05664
12,Ansteel Bayuquan,2019,9,0.071926,14974,0.031526,1712.75,4051.5,6.005,ACTIVE,0.05664
12,Ansteel Bayuquan,2019,10,0.069177,14394,0.030305,1601.69,3760.0,6.569,ACTIVE,0.05664
12,Ansteel Bayuquan,2019,11,0.06543,13238,0.027871,1551.55,3693.25,6.144,ACTIVE,0.05664
12,Ansteel Bayuquan,2019,12,0.062739,12792,0.026932,1236.6,2836.0,11.074,ACTIVE,0.05664
12,Ansteel Bayuquan,2020,1,0.070738,13939,0.029347,1442.71,3544.25,7.377,ACTIVE,0.05664
12,Ansteel Bayuquan,2020,2,0.068103,13604,0.028641,1437.63,3486.5,6.44,ACTIVE,0.05664
12,Ansteel Bayuquan,2020,3,0.060425,12831,0.027014,1729.21,3863.0,6.481,ACTIVE,0.05664
12,Ansteel Bayuquan,2020,4,0.059701,13210,0.027812,1910.01,4131.5,7.914,ACTIVE,0.05664
12,Ansteel Bayuquan,2020,5,0.077044,15979,0.033642,2031.14,4898.0,11.544,ACTIVE,0.05664
12,Ansteel Bayuquan,2020,6,0.083726,14377,0.030269,2097.68,5846.0,12.902,ACTIVE,0.05664
12,Ansteel Bayuquan,2020,7,0.085699,15000,0.03158,1947.03,5472.5,13.168,ACTIVE,0.05664
12,Ansteel Bayuquan,2020,8,0.069806,14494,0.030515,1884.55,4474.5,11.449,ACTIVE,0.05664
12,Ansteel Bayuquan,2020,9,0.07756,15964,0.03361,1664.39,4009.25,6.178,ACTIVE,0.05664
12,Ansteel Bayuquan,2020,10,0.080357,16630,0.035012,1552.13,3726.5,6.116,ACTIVE,0.05664
12,Ansteel Bayuquan,2020,11,0.071338,14748,0.03105,1531.17,3585.25,6.128,ACTIVE,0.05664
12,Ansteel Bayuquan,2020,12,0.073084,14915,0.031401,1443.57,3427.25,6.489,ACTIVE,0.05664
12,Ansteel Bayuquan,2021,1,0.080763,16521,0.034783,1503.67,3573.25,13.509,ACTIVE,0.05664
12,Ansteel Bayuquan,2021,2,0.064601,13473,0.028366,1474.27,3413.25,6.453,ACTIVE,0.05664
12,Ansteel Bayuquan,2021,3,0.056869,12145,0.02557,1574.64,3482.11,6.538,ACTIVE,0.05664
12,Ansteel Bayuquan,2021,4,0.074802,16571,0.034888,1924.65,4254.5,7.53,ACTIVE,0.05664
12,Ansteel Bayuquan,2021,5,0.09384,19974,0.042052,2003.82,4818.5,10.061,ACTIVE,0.05664
12,Ansteel Bayuquan,2021,6,0.088191,15816,0.033298,2118.61,5848.5,12.224,ACTIVE,0.05664
12,Ansteel Bayuquan,2021,7,0.16482,29108,0.061283,2428.21,7114.5,7.468,ACTIVE,0.05664
12,Ansteel Bayuquan,2021,8,0.109248,20008,0.042124,1907.73,5459.0,8.599,ACTIVE,0.05664
12,Ansteel Bayuquan,2021,9,0.082955,16737,0.035237,1680.91,4158.0,6.531,ACTIVE,0.05664
12,Ansteel Bayuquan,2021,10,0.080104,16208,0.034124,1541.08,3745.75,7.454,ACTIVE,0.05664
12,Ansteel Bayuquan,2021,11,0.067483,13478,0.028376,1357.52,3268.5,7.658,ACTIVE,0.05664
12,Ansteel Bayuquan,2021,12,0.070634,13654,0.028747,1408.06,3509.25,7.847,ACTIVE,0.05664
12,Ansteel Bayuquan,2022,1,0.072556,14027,0.029532,1415.39,3570.25,8.942,ACTIVE,0.05664
12,Ansteel Bayuquan,2022,2,0.062108,13094,0.027568,1508.49,3439.75,7.011,ACTIVE,0.05664
12,Ansteel Bayuquan,2022,3,0.068065,13563,0.028555,1511.37,3652.5,6.995,ACTIVE,0.05664
12,Ansteel Bayuquan,2022,4,0.057109,12474,0.026262,1917.9,4140.5,7.123,ACTIVE,0.05664
12,Ansteel Bayuquan,2022,5,0.07384,14552,0.030637,2018.66,5017.0,9.129,ACTIVE,0.05664
12,Ansteel Bayuquan,2022,6,0.081067,15032,0.031648,2085.05,5643.25,10.64,ACTIVE,0.05664
12,Ansteel Bayuquan,2022,7,0.092116,14884,0.031336,1909.83,5826.0,13.567,ACTIVE,0.05664
12,Ansteel Bayuquan,2022,8,0.068751,14024,0.029526,1792.99,4295.5,8.221,ACTIVE,0.05664
12,Ansteel Bayuquan,2022,9,0.076471,15405,0.032433,1626.99,3977.75,6.585,ACTIVE,0.05664
12,Ansteel Bayuquan,2022,10,0.073342,14830,0.031222,1579.22,3815.36,6.343,ACTIVE,0.05664
12,Ansteel Bayuquan,2022,11,0.062105,12510,0.026338,1530.45,3585.0,6.789,ACTIVE,0.05664
12,Ansteel Bayuquan,2022,12,0.062037,12120,0.025517,1438.57,3451.25,7.05,ACTIVE,0.05664
12,Ansteel Bayuquan,2023,1,0.058705,12224,0.025736,1521.01,3430.5,6.713,ACTIVE,0.05664
12,Ansteel Bayuquan,2023,2,0.052728,11088,0.023344,1558.6,3420.25,6.293,IDLE,0.05664
12,Ansteel Bayuquan,2023,3,0.05587,11929,0.025115,1663.27,3667.25,6.199,IDLE,0.05664
12,Ansteel Bayuquan,2023,4,0.059492,13129,0.027641,1912.26,4152.0,6.351,ACTIVE,0.05664
12,Ansteel Bayuquan,2023,5,0.069482,14309,0.030126,1900.09,4516.5,8.454,ACTIVE,0.05664
12,Ansteel Bayuquan,2023,6,0.076865,16180,0.034065,2032.2,4822.5,8.375,ACTIVE,0.05664
12,Ansteel Bayuquan,2023,7,0.086818,15041,0.031667,1954.56,5608.5,13.788,ACTIVE,0.05664
12,Ansteel Bayuquan,2023,8,0.07983,15611,0.032867,1759.79,4492.25,10.482,ACTIVE,0.05664
12,Ansteel Bayuquan,2023,9,0.077008,16027,0.033743,1659.64,3974.23,6.265,ACTIVE,0.05664
12,Ansteel Bayuquan,2023,10,0.06993,14354,0.03022,1543.01,3626.0,6.397,ACTIVE,0.05664
12,Ansteel Bayuquan,2023,11,0.06394,13066,0.027509,1519.58,3528.0,6.76,ACTIVE,0.05664
12,Ansteel Bayuquan,2023,12,0.062954,12732,0.026805,1424.08,3348.5,6.489,ACTIVE,0.05664
12,Ansteel Bayuquan,2024,1,0.07086,13773,0.028997,1325.35,3278.5,8.385,ACTIVE,0.05664
12,Ansteel Bayuquan,2024,2,0.064675,13205,0.027801,1512.95,3540.5,7.137,ACTIVE,0.05664
12,Ansteel Bayuquan,2024,3,0.053788,11840,0.024927,1735.38,3717.0,6.003,IDLE,0.05664
12,Ansteel Bayuquan,2024,4,0.052043,11889,0.025031,1971.36,4066.5,6.281,IDLE,0.05664
12,Ansteel Bayuquan,2024,5,0.068809,14519,0.030568,1977.64,4582.25,9.66,ACTIVE,0.05664
12,Ansteel Bayuquan,2024,6,0.082006,15827,0.033322,2043.17,5335.25,10.629,ACTIVE,0.05664
12,Ansteel Bayuquan,2024,7,0.08376,15893,0.03346,1997.23,5274.0,14.952,ACTIVE,0.05664
12,Ansteel Bayuquan,2024,8,0.080444,15024,0.031631,1773.29,4726.75,12.513,ACTIVE,0.05664
12,Ansteel Bayuquan,2024,9,0.079379,15971,0.033625,1609.31,3973.0,6.933,ACTIVE,0.05664
12,Ansteel Bayuquan,2024,10,0.080263,15846,0.033362,1549.25,3926.5,6.88,ACTIVE,0.05664
12,Ansteel Bayuquan,2024,11,0.065734,13243,0.027881,1515.16,3620.0,8.361,ACTIVE,0.05664
12,Ansteel Bayuquan,2024,12,0.073902,14080,0.029643,1434.5,3685.0,8.737,ACTIVE,0.05664
13,Benxi Steel,2019,2,0.059673,12650,0.026158,1240.25,2757.5,15.902,ACTIVE,0.05664
13,Benxi Steel,2019,3,0.057119,12193,0.025213,1425.01,3141.5,18.428,ACTIVE,0.05664
13,Benxi Steel,2019,4,0.054838,11849,0.024501,1526.64,3303.23,15.844,IDLE,0.05664
13,Benxi Steel,2019,5,0.067187,14167,0.029295,1587.85,3668.0,17.779,ACTIVE,0.05664
13,Benxi Steel,2019,6,0.081045,15860,0.032795,1598.98,4153.0,16.194,ACTIVE,0.05664
13,Benxi Steel,2019,7,0.119141,24870,0.051426,1600.51,4041.75,12.447,ACTIVE,0.05664
13,Benxi Steel,2019,9,0.076757,16254,0.03361,1276.86,3048.0,23.767,ACTIVE,0.05664
13,Benxi Steel,2019,10,0.066296,14233,0.029431,1266.36,2866.0,21.314,ACTIVE,0.05664
13,Benxi Steel,2019,11,0.063221,12327,0.02549,1086.47,2607.5,27.911,ACTIVE,0.05664
13,Benxi Steel,2020,1,0.16062,19302,0.039913,1165.89,5396.5,10.808,ACTIVE,0.05664
13,Benxi Steel,2020,2,0.063349,8108,0.016766,889.07,2355.0,30.563,ACTIVE,0.05664
13,Benxi Steel,2020,3,0.050496,11149,0.023054,1382.41,2900.5,21.53,IDLE,0.05664
13,Benxi Steel,2020,4,0.053421,12329,0.025494,1557.87,3219.0,8.707,IDLE,0.05664
13,Benxi Steel,2020,5,0.092596,18565,0.038389,1565.42,4157.0,12.269,ACTIVE,0.05664
13,Benxi Steel,2020,6,0.076449,16649,0.034427,1653.42,3811.0,17.873,ACTIVE,0.05664
13,Benxi Steel,2020,7,0.075964,15335,0.03171,1507.73,3669.0,20.463,ACTIVE,0.05664
13,Benxi Steel,2020,9,0.072323,15379,0.031801,1265.46,2965.5,22.465,ACTIVE,0.05664
13,Benxi Steel,2020,10,0.061334,13375,0.027657,1255.66,2761.4,21.876,ACTIVE,0.05664
13,Benxi Steel,2020,11,0.057053,11988,0.024789,1246.21,2768.0,24.496,ACTIVE,0.05664
13,Benxi Steel,2020,12,0.070781,13654,0.028234,1213.93,3042.0,15.864,ACTIVE,0.05664
13,Benxi Steel,2021,2,0.060195,11245,0.023252,1115.82,2707.75,24.81,ACTIVE,0.05664
13,Benxi Steel,2021,3,0.046212,10222,0.021137,1440.59,2935.0,21.095,IDLE,0.05664
13,Benxi Steel,2021,4,0.049491,10866,0.022469,1496.35,3136.0,18.706,IDLE,0.05664
13,Benxi Steel,2021,5,0.059978,13799,0.028534,1644.43,3472.69,11.489,ACTIVE,0.05664
13,Benxi Steel,2021,6,0.077582,15737,0.032541,1573.02,3906.0,16.955,ACTIVE,0.05664
13,Benxi Steel,2021,7,0.142774,20581,0.042557,1603.05,6426.5,12.511,ACTIVE,0.05664
13,Benxi Steel,2021,9,0.076366,15426,0.031898,1234.41,2981.98,26.194,ACTIVE,0.05664
13,Benxi Steel,2021,10,0.066579,14000,0.028949,1173.84,2677.25,14.41,ACTIVE,0.05664
13,Benxi Steel,2021,11,0.042428,10201,0.021094,1141.02,2175.5,15.119,IDLE,0.05664
13,Benxi Steel,2021,12,0.06306,12945,0.026768,1201.23,2748.75,20.364,ACTIVE,0.05664
13,Benxi Steel,2022,1,0.063623,13037,0.026958,1072.86,2474.75,25.09,ACTIVE,0.05664
13,Benxi Steel,2022,2,0.064574,14107,0.02917,1079.07,2360.0,13.089,ACTIVE,0.05664
13,Benxi Steel,2022,3,0.069956,13354,0.027613,1011.02,2569.95,32.312,ACTIVE,0.05664
13,Benxi Steel,2022,4,0.049324,11163,0.023083,1515.52,3109.0,8.87,IDLE,0.05664
13,Benxi Steel,2022,5,0.172569,26092,0.053953,1907.68,7196.93,8.969,ACTIVE,0.05664
13,Benxi Steel,2022,8,0.081015,16960,0.03507,1316.37,3244.5,11.923,ACTIVE,0.05664
13,Benxi Steel,2022,9,0.07629,15685,0.032433,1189.43,2892.0,21.224,ACTIVE,0.05664
13,Benxi Steel,2022,10,0.065201,13886,0.028713,1238.76,2814.0,26.973,ACTIVE,0.05664
13,Benxi Steel,2022,11,0.061362,12721,0.026304,1034.49,2379.5,21.568,ACTIVE,0.05664
13,Benxi Steel,2022,12,0.064552,13684,0.028296,1056.16,2398.48,12.154,ACTIVE,0.05664
13,Benxi Steel,2023,1,0.067185,14209,0.029381,1091.35,2464.25,18.169,ACTIVE,0.05664
13,Benxi Steel,2023,2,0.057953,12289,0.025411,1251.04,2742.5,28.891,ACTIVE,0.05664
13,Benxi Steel,2023,3,0.053778,12090,0.025,1308.39,2725.5,27.13,IDLE,0.05664
13,Benxi Steel,2023,4,0.118824,25569,0.052872,1825.38,4364.75,10.419,ACTIVE,0.05664
13,Benxi Steel,2023,5,0.067589,14025,0.029001,1491.73,3524.0,16.59,ACTIVE,0.05664
13,Benxi Steel,2023,6,0.087238,17530,0.036249,1577.02,4162.0,11.881,ACTIVE,0.05664
13,Benxi Steel,2023,9,0.082019,16717,0.034567,1241.14,3132.0,11.645,ACTIVE,0.05664
13,Benxi Steel,2023,10,0.07625,15523,0.032098,1178.73,2917.75,13.422,ACTIVE,0.05664
13,Benxi Steel,2023,11,0.058448,12621,0.026098,1250.11,2724.25,15.316,ACTIVE,0.05664
13,Benxi Steel,2023,12,0.064426,11950,0.02471,1068.04,2558.25,19.482,ACTIVE,0.05664
13,Benxi Steel,2024,1,0.072016,11373,0.023517,859.32,2287.0,30.863,ACTIVE,0.05664
13,Benxi Steel,2024,2,0.072738,13627,0.028178,934.78,2300.75,18.767,ACTIVE,0.05664
13,Benxi Steel,2024,3,0.051339,10761,0.022252,1378.64,2952.5,12.103,IDLE,0.05664
13,Benxi Steel,2024,4,0.053446,12605,0.026065,1682.58,3400.99,12.038,IDLE,0.05664
13,Benxi Steel,2024,5,0.06861,15282,0.0316,1600.24,3558.5,16.763,ACTIVE,0.05664
13,Benxi Steel,2024,6,0.081064,17061,0.035279,1614.23,3948.5,20.599,ACTIVE,0.05664
13,Benxi Steel,2024,7,0.076683,17217,0.035601,1588.98,3610.0,25.016,ACTIVE,0.05664
13,Benxi Steel,2024,9,0.079993,17256,0.035682,1280.71,3028.5,22.885,ACTIVE,0.05664
13,Benxi Steel,2024,10,0.228543,29455,0.060907,1659.66,7548.0,8.354,ACTIVE,0.05664
13,Benxi Steel,2024,11,0.056479,11628,0.024044,1190.18,2669.5,13.699,IDLE,0.05664
13,Benxi Steel,2024,12,0.059487,11986,0.024785,1124.5,2561.5,16.534,ACTIVE,0.05664
14,Fushun Special Steel,2019,1,0.097692,15351,0.031468,1243.46,4144.25,11.421,ACTIVE,0.05664
14,Fushun Special Steel,2019,2,0.068837,13977,0.028652,1378.24,3271.25,17.185,ACTIVE,0.05664
14,Fushun Special Steel,2019,3,0.047361,11173,0.022904,1570.41,3090.74,21.259,IDLE,0.05664
14,Fushun Special Steel,2019,4,0.0503,12839,0.026319,1703.41,3187.0,9.961,IDLE,0.05664
14,Fushun Special Steel,2019,5,0.052148,13416,0.027502,1784.27,3346.48,14.334,IDLE,0.05664
14,Fushun Special Steel,2019,6,0.06451,15259,0.03128,1820.71,3791.0,15.837,ACTIVE,0.05664
14,Fushun Special Steel,2019,7,0.171614,28330,0.058074,2042.42,6978.0,6.905,ACTIVE,0.05664
14,Fushun Special Steel,2019,8,0.066371,15396,0.03156,1491.73,3176.5,12.767,ACTIVE,0.05664
14,Fushun Special Steel,2019,9,0.066869,15443,0.031657,1390.6,2981.5,11.328,ACTIVE,0.05664
14,Fushun Special Steel,2019,10,0.075276,16007,0.032813,1371.88,3224.5,16.348,ACTIVE,0.05664
14,Fushun Special Steel,2019,11,0.094374,16499,0.033821,1159.1,3368.5,8.747,ACTIVE,0.05664
14,Fushun Special Steel,2019,12,0.110792,16627,0.034084,628.34,2174.0,25.936,ACTIVE,0.05664
14,Fushun Special Steel,2020,1,0.095002,16035,0.03287,877.43,2700.75,15.176,ACTIVE,0.05664
14,Fushun Special Steel,2020,2,0.083699,15952,0.0327,903.9,2373.5,33.978,ACTIVE,0.05664
14,Fushun Special Steel,2020,3,0.049065,11474,0.023521,1476.55,2947.0,16.349,IDLE,0.05664
14,Fushun Special Steel,2020,4,0.039921,10008,0.020515,1650.63,3015.5,12.844,IDLE,0.05664
14,Fushun Special Steel,2020,5,0.054452,13061,0.026774,1725.01,3439.25,11.83,IDLE,0.05664
14,Fushun Special Steel,2020,6,0.053304,13501,0.027676,1748.93,3330.5,11.257,IDLE,0.05664
14,Fushun Special Steel,2020,7,0.124674,26614,0.054556,1829.1,4661.5,7.687,ACTIVE,0.05664
14,Fushun Special Steel,2020,8,0.1546,31446,0.064461,1645.97,4415.25,7.865,ACTIVE,0.05664
14,Fushun Special Steel,2020,9,0.067736,15098,0.030949,1334.21,2928.0,18.195,ACTIVE,0.05664
14,Fushun Special Steel,2020,10,0.078442,16442,0.033705,1342.78,3260.48,16.429,ACTIVE,0.05664
14,Fushun Special Steel,2020,11,0.083554,15004,0.030757,1288.3,3581.5,10.762,ACTIVE,0.05664
14,Fushun Special Steel,2020,12,0.088376,14521,0.029767,1233.26,3671.0,10.8,ACTIVE,0.05664
14,Fushun Special Steel,2021,2,0.08425,16915,0.034674,1274.59,3324.0,13.838,ACTIVE,0.05664
14,Fushun Special Steel,2021,3,0.055416,13540,0.027756,1558.66,3106.0,12.889,IDLE,0.05664
14,Fushun Special Steel,2021,4,0.0426,10571,0.02167,1602.38,2989.0,9.684,IDLE,0.05664
14,Fushun Special Steel,2021,5,0.052024,12884,0.026411,1731.53,3350.74,12.957,IDLE,0.05664
14,Fushun Special Steel,2021,6,0.059683,14383,0.029484,1697.4,3446.5,14.662,ACTIVE,0.05664
14,Fushun Special Steel,2021,7,0.071841,16849,0.034539,1649.03,3577.75,9.699,ACTIVE,0.05664
14,Fushun Special Steel,2021,9,0.139454,23863,0.048917,1584.85,5202.17,9.185,ACTIVE,0.05664
14,Fushun Special Steel,2021,10,0.069791,15205,0.031169,1297.75,2898.5,13.269,ACTIVE,0.05664
14,Fushun Special Steel,2021,11,0.09913,15125,0.031005,917.31,2970.0,13.181,ACTIVE,0.05664
14,Fushun Special Steel,2021,12,0.090718,14890,0.030523,1224.85,3709.37,11.254,ACTIVE,0.05664
14,Fushun Special Steel,2022,1,0.093215,15535,0.031845,1121.51,3436.0,11.73,ACTIVE,0.05664
14,Fushun Special Steel,2022,2,0.082194,15411,0.031591,1359.68,3588.0,12.904,ACTIVE,0.05664
14,Fushun Special Steel,2022,3,0.05961,13864,0.02842,1395.87,2865.74,26.192,ACTIVE,0.05664
14,Fushun Special Steel,2022,4,0.039518,10035,0.020571,1664.07,3021.86,12.752,IDLE,0.05664
14,Fushun Special Steel,2022,5,0.047993,11848,0.024287,1778.47,3383.25,14.048,IDLE,0.05664
14,Fushun Special Steel,2022,7,0.102101,22608,0.046344,2096.35,4877.8,5.039,ACTIVE,0.05664
14,Fushun Special Steel,2022,8,0.060167,14774,0.030285,1506.93,3020.5,10.868,ACTIVE,0.05664
14,Fushun Special Steel,2022,9,0.060997,13828,0.028346,1358.97,2852.0,20.772,ACTIVE,0.05664
14,Fushun Special Steel,2022,10,0.075678,15659,0.032099,1351.99,3212.75,14.77,ACTIVE,0.05664
14,Fushun Special Steel,2022,11,0.080963,14534,0.029793,1236.81,3390.74,13.314,ACTIVE,0.05664
14,Fushun Special Steel,2022,12,0.099594,14683,0.030099,1013.07,3534.25,11.762,ACTIVE,0.05664
14,Fushun Special Steel,2023,1,0.10208,16847,0.034535,1094.14,3476.0,13.872,ACTIVE,0.05664
14,Fushun Special Steel,2023,2,0.077936,15471,0.031714,1434.15,3563.5,11.346,ACTIVE,0.05664
14,Fushun Special Steel,2023,3,0.046167,11380,0.023328,1626.59,3124.0,10.274,IDLE,0.05664
14,Fushun Special Steel,2023,4,0.045348,11106,0.022766,1692.6,3307.25,12.944,IDLE,0.05664
14,Fushun Special Steel,2023,5,0.042582,10392,0.021303,1698.47,3139.5,21.873,IDLE,0.05664
14,Fushun Special Steel,2023,6,0.054386,12928,0.026501,1692.68,3346.0,21.513,IDLE,0.05664
14,Fushun Special Steel,2023,9,0.065857,15057,0.030865,1325.06,2795.0,18.686,ACTIVE,0.05664
14,Fushun Special Steel,2023,10,0.078646,16203,0.033215,1296.55,3131.5,17.195,ACTIVE,0.05664
14,Fushun Special Steel,2023,11,0.093228,16285,0.033383,1254.57,3695.5,12.496,ACTIVE,0.05664
14,Fushun Special Steel,2023,12,0.098148,14435,0.02959,1225.6,4325.0,10.066,ACTIVE,0.05664
14,Fushun Special Steel,2024,1,0.096497,13992,0.028682,941.55,3204.5,14.783,ACTIVE,0.05664
14,Fushun Special Steel,2024,2,0.094897,15195,0.031148,940.46,2876.5,17.727,ACTIVE,0.05664
14,Fushun Special Steel,2024,3,0.058025,12868,0.026378,1465.24,3194.0,11.528,ACTIVE,0.05664
14,Fushun Special Steel,2024,4,0.039476,10604,0.021737,1846.15,3223.0,10.369,IDLE,0.05664
14,Fushun Special Steel,2024,5,0.049098,12792,0.026222,1782.36,3251.5,15.737,IDLE,0.05664
14,Fushun Special Steel,2024,6,0.058208,14337,0.02939,1769.76,3430.5,15.886,ACTIVE,0.05664
14,Fushun Special Steel,2024,7,0.059604,14905,0.030554,1812.65,3483.0,18.028,ACTIVE,0.05664
14,Fushun Special Steel,2024,8,0.151087,26934,0.055212,1800.49,5679.11,6.132,ACTIVE,0.05664
14,Fushun Special Steel,2024,10,0.080415,16355,0.033526,1299.51,3161.87,14.352,ACTIVE,0.05664
14,Fushun Special Steel,2024,11,0.093147,14612,0.029953,1220.47,3925.0,10.816,ACTIVE,0.05664
14,Fushun Special Steel,2024,12,0.090554,14004,0.028707,1181.42,3847.5,9.993,ACTIVE,0.05664
15,Jianlong Chengde,2019,1,0.057679,12579,0.026141,1347.88,2940.0,10.395,ACTIVE,0.05664
15,Jianlong Chengde,2019,2,0.039555,10565,0.021956,1542.61,2702.75,7.845,IDLE,0.05664
15,Jianlong Chengde,2019,3,0.032323,8344,0.01734,1609.77,2857.27,12.423,IDLE,0.05664
15,Jianlong Chengde,2019,4,0.033985,8806,0.0183,1808.04,3166.5,7.027,IDLE,0.05664
15,Jianlong Chengde,2019,5,0.041958,11810,0.024543,1878.99,3133.75,13.921,IDLE,0.05664
15,Jianlong Chengde,2019,6,0.053276,14006,0.029107,1777.52,3229.5,15.312,IDLE,0.05664
15,Jianlong Chengde,2019,7,0.057022,14943,0.031054,1686.08,3104.5,15.901,ACTIVE,0.05664
15,Jianlong Chengde,2019,8,0.071427,18697,0.038855,1523.21,2908.0,12.589,ACTIVE,0.05664
15,Jianlong Chengde,2019,9,0.057825,15079,0.031337,1441.85,2696.5,7.719,ACTIVE,0.05664
15,Jianlong Chengde,2019,10,0.037269,9522,0.019788,1437.43,2570.25,24.119,IDLE,0.05664
15,Jianlong Chengde,2019,11,0.041369,10141,0.021075,1253.12,2374.5,11.0,IDLE,0.05664
15,Jianlong Chengde,2019,12,0.05815,13039,0.027097,1206.69,2578.5,11.365,ACTIVE,0.05664
15,Jianlong Chengde,2020,1,0.070073,15958,0.033163,1128.38,2419.25,13.628,ACTIVE,0.05664
15,Jianlong Chengde,2020,2,0.050011,13468,0.027989,1222.46,2180.25,7.801,IDLE,0.05664
15,Jianlong Chengde,2020,3,0.03033,8650,0.017976,1686.83,2743.5,6.2,IDLE,0.05664
15,Jianlong Chengde,2020,4,0.0336,9631,0.020015,1793.24,2936.5,5.961,IDLE,0.05664
15,Jianlong Chengde,2020,5,0.049044,14224,0.02956,1885.44,3142.5,14.651,IDLE,0.05664
15,Jianlong Chengde,2020,6,0.056052,15618,0.032457,1731.86,3013.75,17.481,IDLE,0.05664
15,Jianlong Chengde,2020,7,0.157456,34132,0.070932,2050.91,4946.0,5.964,ACTIVE,0.05664
15,Jianlong Chengde,2020,8,0.066053,17483,0.036333,1551.64,2884.0,16.775,ACTIVE,0.05664
15,Jianlong Chengde,2020,9,0.057676,15063,0.031303,1367.49,2543.75,12.475,ACTIVE,0.05664
15,Jianlong Chengde,2020,10,0.04041,10617,0.022064,1479.54,2626.0,16.021,IDLE,0.05664
15,Jianlong Chengde,2020,11,0.051231,11868,0.024664,1186.58,2436.75,6.738,IDLE,0.05664
15,Jianlong Chengde,2020,12,0.053088,12107,0.02516,1271.52,2646.57,16.088,IDLE,0.05664
15,Jianlong Chengde,2021,1,0.051973,12821,0.026644,1426.44,2773.5,5.859,IDLE,0.05664
15,Jianlong Chengde,2021,2,0.038716,9349,0.019429,1435.59,2753.5,7.143,IDLE,0.05664
15,Jianlong Chengde,2021,3,0.210261,29604,0.061522,1479.87,5950.5,5.018,ACTIVE,0.05664
15,Jianlong Chengde,2021,4,0.031624,9257,0.019238,1846.1,2939.0,9.159,IDLE,0.05664
15,Jianlong Chengde,2021,5,0.042963,11566,0.024036,1761.45,3066.5,9.271,IDLE,0.05664
15,Jianlong Chengde,2021,6,0.055671,14365,0.029853,1714.04,3174.5,13.572,IDLE,0.05664
15,Jianlong Chengde,2021,7,0.066303,16681,0.034666,1631.7,3161.5,24.561,ACTIVE,0.05664
15,Jianlong Chengde,2021,8,0.077917,18693,0.038847,1542.33,3276.0,8.49,ACTIVE,0.05664
15,Jianlong Chengde,2021,10,0.036621,9098,0.018907,1336.88,2451.25,24.55,IDLE,0.05664
15,Jianlong Chengde,2021,11,0.042574,10310,0.021426,1348.17,2616.0,5.451,IDLE,0.05664
15,Jianlong Chengde,2021,12,0.052046,12341,0.025647,1375.31,2757.25,9.783,IDLE,0.05664
15,Jianlong Chengde,2022,1,0.053353,11945,0.024824,1323.47,2801.0,8.077,IDLE,0.05664
15,Jianlong Chengde,2022,2,0.039642,9784,0.020333,1438.76,2721.0,8.61,IDLE,0.05664
15,Jianlong Chengde,2022,3,0.024579,6813,0.014159,1724.99,2819.5,6.282,IDLE,0.05664
15,Jianlong Chengde,2022,4,0.021141,6085,0.012646,1799.48,2826.5,6.403,IDLE,0.05664
15,Jianlong Chengde,2022,5,0.038591,10721,0.02228,1742.3,2920.0,12.985,IDLE,0.05664
15,Jianlong Chengde,2022,6,0.063422,16039,0.033332,1586.47,3037.0,16.575,ACTIVE,0.05664
15,Jianlong Chengde,2022,7,0.115101,25568,0.053134,1839.6,4279.5,6.139,ACTIVE,0.05664
15,Jianlong Chengde,2022,8,0.056656,14698,0.030545,1415.51,2630.75,16.682,ACTIVE,0.05664
15,Jianlong Chengde,2022,9,0.048362,12462,0.025898,1389.6,2568.0,10.9,IDLE,0.05664
15,Jianlong Chengde,2022,10,0.031925,7944,0.016509,1432.71,2616.0,8.545,IDLE,0.05664
15,Jianlong Chengde,2022,11,0.037028,9218,0.019157,1436.68,2681.0,6.013,IDLE,0.05664
15,Jianlong Chengde,2022,12,0.063064,13412,0.027872,1313.2,2964.29,13.107,ACTIVE,0.05664
15,Jianlong Chengde,2023,1,0.054896,12746,0.026488,1323.14,2716.0,10.505,IDLE,0.05664
15,Jianlong Chengde,2023,2,0.026515,6901,0.014341,1325.82,2368.5,5.217,IDLE,0.05664
15,Jianlong Chengde,2023,3,0.018257,5324,0.011064,1780.87,2759.0,4.702,IDLE,0.05664
15,Jianlong Chengde,2023,4,0.022815,6742,0.014011,1942.82,3006.0,5.841,IDLE,0.05664
15,Jianlong Chengde,2023,5,0.033712,9505,0.019753,1846.1,3013.0,17.864,IDLE,0.05664
15,Jianlong Chengde,2023,6,0.038526,10162,0.021118,1917.24,3358.5,9.205,IDLE,0.05664
15,Jianlong Chengde,2023,7,0.044718,11806,0.024535,1681.76,2968.5,21.938,IDLE,0.05664
15,Jianlong Chengde,2023,8,0.050205,13354,0.027752,1517.94,2718.5,16.839,IDLE,0.05664
15,Jianlong Chengde,2023,9,0.048564,12953,0.026918,1474.68,2634.0,15.253,IDLE,0.05664
15,Jianlong Chengde,2023,10,0.035366,8959,0.018618,1419.91,2568.25,19.938,IDLE,0.05664
15,Jianlong Chengde,2023,11,0.052692,11801,0.024524,1344.46,2852.0,7.48,IDLE,0.05664
15,Jianlong Chengde,2023,12,0.08018,17766,0.036921,912.82,2047.5,15.31,ACTIVE,0.05664
15,Jianlong Chengde,2024,1,0.061456,14784,0.030724,1247.99,2524.77,9.479,ACTIVE,0.05664
15,Jianlong Chengde,2024,2,0.044029,11030,0.022922,1490.53,2806.5,5.71,IDLE,0.05664
15,Jianlong Chengde,2024,3,0.029859,7968,0.016559,1709.7,2925.0,8.566,IDLE,0.05664
15,Jianlong Chengde,2024,4,0.024793,7082,0.014718,1941.38,3078.5,7.892,IDLE,0.05664
15,Jianlong Chengde,2024,5,0.03335,9363,0.019458,1846.74,3011.77,15.52,IDLE,0.05664
15,Jianlong Chengde,2024,6,0.048814,13283,0.027604,1757.58,3064.0,12.692,IDLE,0.05664
15,Jianlong Chengde,2024,7,0.052894,14186,0.029481,1566.54,2782.0,23.186,IDLE,0.05664
15,Jianlong Chengde,2024,8,0.052522,13775,0.028627,1504.18,2721.5,24.835,IDLE,0.05664
15,Jianlong Chengde,2024,9,0.041545,9589,0.019928,1328.82,2604.0,15.999,IDLE,0.05664
15,Jianlong Chengde,2024,10,0.042889,11034,0.02293,1341.78,2446.25,6.997,IDLE,0.05664
15,Jianlong Chengde,2024,11,0.038403,9186,0.01909,1354.97,2638.0,16.474,IDLE,0.05664
15,Jianlong Chengde,2024,12,0.048095,11068,0.023001,1319.31,2676.75,22.252,IDLE,0.05664
16,Tangshan Guofeng,2019,1,0.068878,16599,0.035215,1515.32,3102.0,8.572,ACTIVE,0.05664
16,Tangshan Guofeng,2019,2,0.021487,4461,0.009464,1407.47,2873.0,11.768,IDLE,0.05664
16,Tangshan Guofeng,2019,3,0.067081,17663,0.037472,1783.96,3331.75,11.647,ACTIVE,0.05664
16,Tangshan Guofeng,2019,4,0.074407,19202,0.040737,1942.2,3718.35,7.845,ACTIVE,0.05664
16,Tangshan Guofeng,2019,5,0.070027,18116,0.038433,2068.0,3808.0,18.128,ACTIVE,0.05664
16,Tangshan Guofeng,2019,6,0.06964,17076,0.036227,2037.1,3934.5,18.597,ACTIVE,0.05664
16,Tangshan Guofeng,2019,7,0.05894,14155,0.03003,1868.44,3720.67,20.552,ACTIVE,0.05664
16,Tangshan Guofeng,2019,8,0.066287,16220,0.034411,1696.53,3379.75,12.998,ACTIVE,0.05664
16,Tangshan Guofeng,2019,9,0.068297,17121,0.036322,1665.83,3222.0,11.992,ACTIVE,0.05664
16,Tangshan Guofeng,2019,10,0.083888,21228,0.045035,1645.85,3201.5,11.29,ACTIVE,0.05664
16,Tangshan Guofeng,2019,11,0.064749,15185,0.032215,1431.94,2833.0,16.573,ACTIVE,0.05664
16,Tangshan Guofeng,2019,12,0.078351,19028,0.040368,1552.32,3159.75,6.832,ACTIVE,0.05664
16,Tangshan Guofeng,2020,1,0.073982,17859,0.037888,1452.66,2924.75,9.26,ACTIVE,0.05664
16,Tangshan Guofeng,2020,2,0.055587,13664,0.028988,1393.37,2659.0,20.764,IDLE,0.05664
16,Tangshan Guofeng,2020,3,0.073953,18449,0.039139,1686.43,3335.5,10.665,ACTIVE,0.05664
16,Tangshan Guofeng,2020,4,0.064747,17395,0.036903,1978.94,3546.5,13.042,ACTIVE,0.05664
16,Tangshan Guofeng,2020,5,0.070212,16901,0.035855,1942.38,3809.0,16.405,ACTIVE,0.05664
16,Tangshan Guofeng,2020,6,0.062414,16014,0.033974,2034.72,3690.5,19.406,ACTIVE,0.05664
16,Tangshan Guofeng,2020,7,0.06081,13798,0.029272,1881.26,3825.69,19.65,ACTIVE,0.05664
16,Tangshan Guofeng,2020,8,0.064937,15470,0.03282,1667.63,3351.25,21.632,ACTIVE,0.05664
16,Tangshan Guofeng,2020,9,0.063076,15358,0.032582,1579.19,3123.0,20.064,ACTIVE,0.05664
16,Tangshan Guofeng,2020,10,0.080375,21159,0.044889,1622.77,3045.5,7.706,ACTIVE,0.05664
16,Tangshan Guofeng,2020,11,0.074884,17638,0.037419,1567.13,3304.75,14.985,ACTIVE,0.05664
16,Tangshan Guofeng,2020,12,0.074272,17263,0.036623,1549.82,3332.76,6.562,ACTIVE,0.05664
16,Tangshan Guofeng,2021,1,0.080038,18905,0.040107,1609.51,3465.5,5.721,ACTIVE,0.05664
16,Tangshan Guofeng,2021,2,0.077471,18413,0.039063,1684.59,3567.67,13.38,ACTIVE,0.05664
16,Tangshan Guofeng,2021,3,0.049013,10260,0.021767,1586.51,3541.75,5.956,IDLE,0.05664
16,Tangshan Guofeng,2021,4,0.077927,20431,0.043344,1947.12,3631.25,14.132,ACTIVE,0.05664
16,Tangshan Guofeng,2021,5,0.060417,15220,0.032289,2066.99,3836.0,14.261,ACTIVE,0.05664
16,Tangshan Guofeng,2021,6,0.064767,15828,0.033579,2100.81,4008.01,16.012,ACTIVE,0.05664
16,Tangshan Guofeng,2021,7,0.048896,8058,0.017095,1574.59,3870.5,10.93,IDLE,0.05664
16,Tangshan Guofeng,2021,8,0.067504,15361,0.032588,1650.92,3469.02,17.913,ACTIVE,0.05664
16,Tangshan Guofeng,2021,9,0.070244,15979,0.033899,1618.39,3428.5,20.602,ACTIVE,0.05664
16,Tangshan Guofeng,2021,10,0.088053,20596,0.043694,1577.29,3365.0,10.371,ACTIVE,0.05664
16,Tangshan Guofeng,2021,11,0.053526,11882,0.025208,1304.75,2677.5,16.956,IDLE,0.05664
16,Tangshan Guofeng,2021,12,0.071535,16753,0.035541,1525.04,3162.5,7.866,ACTIVE,0.05664
16,Tangshan Guofeng,2022,1,0.066131,16025,0.033997,1548.96,3078.5,7.032,ACTIVE,0.05664
16,Tangshan Guofeng,2022,2,0.067283,16082,0.034118,1580.53,3168.85,10.304,ACTIVE,0.05664
16,Tangshan Guofeng,2022,3,0.063901,18140,0.038484,2049.97,3550.0,19.744,ACTIVE,0.05664
16,Tangshan Guofeng,2022,4,0.069164,18130,0.038463,2029.71,3769.5,12.296,ACTIVE,0.05664
16,Tangshan Guofeng,2022,5,0.120127,17676,0.0375,1834.59,6511.0,6.434,ACTIVE,0.05664
16,Tangshan Guofeng,2022,6,0.05773,13420,0.02847,2029.62,4011.5,15.649,ACTIVE,0.05664
16,Tangshan Guofeng,2022,7,0.070802,15887,0.033704,1881.57,4034.0,15.014,ACTIVE,0.05664
16,Tangshan Guofeng,2022,8,0.052889,13980,0.029658,1709.97,3029.0,13.686,IDLE,0.05664
16,Tangshan Guofeng,2022,9,0.069139,16788,0.035616,1646.76,3279.5,18.654,ACTIVE,0.05664
16,Tangshan Guofeng,2022,10,0.08223,19917,0.042254,1617.87,3303.75,14.341,ACTIVE,0.05664
16,Tangshan Guofeng,2022,11,0.071864,17035,0.03614,1527.88,3106.67,12.389,ACTIVE,0.05664
16,Tangshan Guofeng,2022,12,0.075213,17461,0.037043,1588.1,3357.0,10.745,ACTIVE,0.05664
16,Tangshan Guofeng,2023,1,0.070682,17578,0.037292,1680.55,3310.5,10.599,ACTIVE,0.05664
16,Tangshan Guofeng,2023,2,0.063514,15598,0.033091,1737.22,3426.0,17.217,ACTIVE,0.05664
16,Tangshan Guofeng,2023,3,0.059997,15890,0.033711,1901.96,3431.17,21.298,ACTIVE,0.05664
16,Tangshan Guofeng,2023,4,0.058714,15571,0.033034,1991.69,3588.0,15.853,ACTIVE,0.05664
16,Tangshan Guofeng,2023,5,0.063718,16610,0.035238,2133.42,3831.0,13.214,ACTIVE,0.05664
16,Tangshan Guofeng,2023,6,0.053945,12789,0.027132,2085.53,3977.5,16.125,IDLE,0.05664
16,Tangshan Guofeng,2023,7,0.062924,14282,0.030299,1930.03,3942.75,15.195,ACTIVE,0.05664
16,Tangshan Guofeng,2023,8,0.062701,14436,0.030626,1683.83,3428.75,16.718,ACTIVE,0.05664
16,Tangshan Guofeng,2023,9,0.063682,14300,0.030337,1606.46,3353.05,24.675,ACTIVE,0.05664
16,Tangshan Guofeng,2023,10,0.082258,18828,0.039943,1577.37,3313.0,21.428,ACTIVE,0.05664
16,Tangshan Guofeng,2023,11,0.072761,16654,0.035331,1577.03,3316.0,12.175,ACTIVE,0.05664
16,Tangshan Guofeng,2023,12,0.082544,16090,0.034135,943.37,2318.25,16.141,ACTIVE,0.05664
16,Tangshan Guofeng,2024,1,0.071779,17259,0.036615,1543.71,3107.5,10.942,ACTIVE,0.05664
16,Tangshan Guofeng,2024,2,0.063686,15997,0.033938,1703.45,3266.17,15.944,ACTIVE,0.05664
16,Tangshan Guofeng,2024,3,0.069266,17296,0.036693,1852.56,3575.92,23.084,ACTIVE,0.05664
16,Tangshan Guofeng,2024,4,0.059576,15895,0.033721,2062.95,3696.67,13.916,ACTIVE,0.05664
16,Tangshan Guofeng,2024,5,0.070117,17273,0.036645,2052.89,3906.0,11.653,ACTIVE,0.05664
16,Tangshan Guofeng,2024,6,0.050186,11556,0.024516,2058.24,3926.84,21.788,IDLE,0.05664
16,Tangshan Guofeng,2024,7,0.061668,13305,0.028226,1789.17,3800.75,15.276,ACTIVE,0.05664
16,Tangshan Guofeng,2024,8,0.150828,23413,0.049671,1929.51,6960.5,7.589,ACTIVE,0.05664
16,Tangshan Guofeng,2024,9,0.053197,9000,0.019093,1304.26,3281.0,17.404,IDLE,0.05664
16,Tangshan Guofeng,2024,10,0.085664,19355,0.041062,1563.72,3376.35,21.903,ACTIVE,0.05664
16,Tangshan Guofeng,2024,11,0.081768,18224,0.038662,1567.3,3444.5,14.606,ACTIVE,0.05664
16,Tangshan Guofeng,2024,12,0.075469,16992,0.036048,1534.32,3306.0,10.008,ACTIVE,0.05664
17,Tangshan Donghua,2019,1,0.041087,9727,0.020602,1616.97,3132.25,12.347,IDLE,0.05664
17,Tangshan Donghua,2019,2,0.050817,10998,0.023293,1882.52,3795.0,21.4,IDLE,0.05664
17,Tangshan Donghua,2019,3,0.037309,9372,0.01985,1866.71,3460.75,6.656,IDLE,0.05664
17,Tangshan Donghua,2019,4,0.042177,9997,0.021173,1947.14,3739.26,7.444,IDLE,0.05664
17,Tangshan Donghua,2019,5,0.031406,6284,0.013309,2113.03,3863.76,13.089,IDLE,0.05664
17,Tangshan Donghua,2019,6,0.033575,5972,0.012649,2092.4,4077.5,11.527,IDLE,0.05664
17,Tangshan Donghua,2019,7,0.052147,9757,0.020665,1766.13,3998.5,12.423,IDLE,0.05664
17,Tangshan Donghua,2019,8,0.059181,11971,0.025354,1441.76,3329.75,12.411,ACTIVE,0.05664
17,Tangshan Donghua,2019,9,0.07849,18733,0.039676,1584.21,3212.0,9.303,ACTIVE,0.05664
17,Tangshan Donghua,2019,10,0.022405,5419,0.011477,1787.12,3243.76,4.714,IDLE,0.05664
17,Tangshan Donghua,2019,11,0.026322,4962,0.010509,1595.17,3020.75,19.679,IDLE,0.05664
17,Tangshan Donghua,2019,12,0.035869,8481,0.017963,1746.5,3288.0,11.695,IDLE,0.05664
17,Tangshan Donghua,2020,1,0.033671,8070,0.017092,1579.53,2978.5,9.851,IDLE,0.05664
17,Tangshan Donghua,2020,2,0.04534,8694,0.018414,1247.9,2678.0,31.022,IDLE,0.05664
17,Tangshan Donghua,2020,3,0.037088,8725,0.018479,1868.64,3571.5,9.106,IDLE,0.05664
17,Tangshan Donghua,2020,4,0.026925,6179,0.013087,2068.99,3666.5,7.206,IDLE,0.05664
17,Tangshan Donghua,2020,5,0.045189,7998,0.01694,1932.62,4326.0,11.604,IDLE,0.05664
17,Tangshan Donghua,2020,6,0.031541,5874,0.012441,2130.09,3989.14,10.543,IDLE,0.05664
17,Tangshan Donghua,2020,7,0.054908,9417,0.019945,1798.2,4278.25,18.096,IDLE,0.05664
17,Tangshan Donghua,2020,8,0.064085,12085,0.025596,1490.91,3770.5,14.22,ACTIVE,0.05664
17,Tangshan Donghua,2020,9,0.067619,14374,0.030444,1476.8,3437.25,14.785,ACTIVE,0.05664
17,Tangshan Donghua,2020,10,0.025158,6219,0.013172,1795.04,3163.38,12.348,IDLE,0.05664
17,Tangshan Donghua,2020,11,0.034291,7832,0.016588,1731.45,3301.5,14.044,IDLE,0.05664
17,Tangshan Donghua,2020,12,0.044816,10596,0.022442,1757.77,3408.5,13.86,IDLE,0.05664
17,Tangshan Donghua,2021,1,0.047572,11795,0.024982,1855.72,3511.0,13.313,IDLE,0.05664
17,Tangshan Donghua,2021,2,0.045623,11219,0.023762,1864.92,3561.5,10.056,IDLE,0.05664
17,Tangshan Donghua,2021,3,0.025285,6701,0.014193,2144.61,3685.25,7.999,IDLE,0.05664
17,Tangshan Donghua,2021,4,0.032326,7837,0.016599,2096.81,3848.5,6.799,IDLE,0.05664
17,Tangshan Donghua,2021,5,0.032632,6745,0.014286,2075.13,3959.0,9.793,IDLE,0.05664
17,Tangshan Donghua,2021,6,0.034795,6892,0.014597,2212.83,4222.25,12.539,IDLE,0.05664
17,Tangshan Donghua,2021,7,0.057662,9995,0.021169,1785.84,4385.0,12.154,ACTIVE,0.05664
17,Tangshan Donghua,2021,8,0.069464,12686,0.026869,1432.87,3810.25,14.282,ACTIVE,0.05664
17,Tangshan Donghua,2021,9,0.068722,13000,0.027534,1427.0,3673.0,23.711,ACTIVE,0.05664
17,Tangshan Donghua,2021,10,0.030841,6825,0.014455,1809.16,3515.25,12.06,IDLE,0.05664
17,Tangshan Donghua,2021,11,0.041383,8059,0.017069,1325.36,2841.0,8.301,IDLE,0.05664
17,Tangshan Donghua,2021,12,0.033394,7882,0.016694,1652.46,3113.5,13.457,IDLE,0.05664
17,Tangshan Donghua,2022,1,0.028592,7016,0.01486,1652.74,2984.0,5.259,IDLE,0.05664
17,Tangshan Donghua,2022,2,0.031301,7344,0.015554,1711.83,3184.27,20.811,IDLE,0.05664
17,Tangshan Donghua,2022,3,0.021168,5791,0.012265,2217.14,3708.5,16.028,IDLE,0.05664
17,Tangshan Donghua,2022,4,0.045222,11027,0.023355,2080.83,3921.5,5.642,IDLE,0.05664
17,Tangshan Donghua,2022,5,0.038051,8217,0.017403,2135.31,4144.5,13.137,IDLE,0.05664
17,Tangshan Donghua,2022,6,0.041077,7774,0.016465,2007.31,4174.0,11.961,IDLE,0.05664
17,Tangshan Donghua,2022,7,0.055284,10065,0.021317,1678.97,4009.0,15.644,IDLE,0.05664
17,Tangshan Donghua,2022,8,0.067909,13235,0.028031,1434.25,3492.5,12.26,ACTIVE,0.05664
17,Tangshan Donghua,2022,9,0.070119,15145,0.032077,1538.55,3354.5,21.11,ACTIVE,0.05664
17,Tangshan Donghua,2022,10,0.023483,5529,0.01171,1804.2,3275.0,6.803,IDLE,0.05664
17,Tangshan Donghua,2022,11,0.033451,7711,0.016332,1665.71,3134.0,5.826,IDLE,0.05664
17,Tangshan Donghua,2022,12,0.041732,9938,0.021048,1823.28,3513.0,4.921,IDLE,0.05664
17,Tangshan Donghua,2023,1,0.034124,8510,0.018024,1902.08,3493.88,4.122,IDLE,0.05664
17,Tangshan Donghua,2023,2,0.030724,7524,0.015936,1819.61,3330.5,7.961,IDLE,0.05664
17,Tangshan Donghua,2023,3,0.034698,8821,0.018683,2024.03,3652.0,7.602,IDLE,0.05664
17,Tangshan Donghua,2023,4,0.039153,9600,0.020333,2007.31,3686.0,8.099,IDLE,0.05664
17,Tangshan Donghua,2023,5,0.033005,7152,0.015148,2145.98,3907.26,12.652,IDLE,0.05664
17,Tangshan Donghua,2023,6,0.035817,7424,0.015724,2087.16,4020.75,12.407,IDLE,0.05664
17,Tangshan Donghua,2023,7,0.049481,9209,0.019504,1785.11,4037.5,15.852,IDLE,0.05664
17,Tangshan Donghua,2023,8,0.056111,11563,0.02449,1496.42,3334.0,10.155,IDLE,0.05664
17,Tangshan Donghua,2023,9,0.061438,12332,0.026119,1551.84,3539.5,14.41,ACTIVE,0.05664
17,Tangshan Donghua,2023,10,0.026924,5885,0.012464,1824.68,3408.25,9.822,IDLE,0.05664
17,Tangshan Donghua,2023,11,0.03451,8185,0.017336,1790.57,3364.75,7.669,IDLE,0.05664
17,Tangshan Donghua,2023,12,0.068218,12788,0.027085,874.8,2088.25,23.02,ACTIVE,0.05664
17,Tangshan Donghua,2024,1,0.025866,6242,0.01322,1735.53,3061.5,21.554,IDLE,0.05664
17,Tangshan Donghua,2024,2,0.027227,6833,0.014472,1810.28,3216.5,9.108,IDLE,0.05664
17,Tangshan Donghua,2024,3,0.033976,8530,0.018066,1965.02,3568.25,7.439,IDLE,0.05664
17,Tangshan Donghua,2024,4,0.035192,9017,0.019098,2096.44,3715.25,8.364,IDLE,0.05664
17,Tangshan Donghua,2024,5,0.038804,8406,0.017804,2054.43,4073.0,8.511,IDLE,0.05664
17,Tangshan Donghua,2024,6,0.036135,7551,0.015993,2044.28,3896.5,13.282,IDLE,0.05664
17,Tangshan Donghua,2024,7,0.052611,10315,0.021847,1666.61,3779.01,14.284,IDLE,0.05664
17,Tangshan Donghua,2024,8,0.06751,12863,0.027244,1471.32,3625.25,18.996,ACTIVE,0.05664
17,Tangshan Donghua,2024,9,0.069494,12776,0.027059,1464.94,3706.5,19.817,ACTIVE,0.05664
17,Tangshan Donghua,2024,10,0.034844,7758,0.016431,1785.19,3446.76,12.912,IDLE,0.05664
17,Tangshan Donghua,2024,11,0.033973,7686,0.016279,1728.43,3256.5,5.831,IDLE,0.05664
17,Tangshan Donghua,2024,12,0.038995,8911,0.018873,1666.6,3204.5,5.76,IDLE,0.05664
18,Tangshan Songting,2019,1,0.021001,5878,0.012449,1898.46,2874.25,20.432,IDLE,0.05664
18,Tangshan Songting,2019,2,0.178773,16503,0.034953,772.64,4235.5,5.94,ACTIVE,0.05664
18,Tangshan Songting,2019,3,0.021827,6402,0.013559,2170.56,3199.25,8.043,IDLE,0.05664
18,Tangshan Songting,2019,4,0.024752,6621,0.014023,2305.6,3657.0,19.538,IDLE,0.05664
18,Tangshan Songting,2019,5,0.026026,6727,0.014248,2587.39,4228.03,11.694,IDLE,0.05664
18,Tangshan Songting,2019,6,0.034796,9017,0.019098,2521.22,4303.78,11.038,IDLE,0.05664
18,Tangshan Songting,2019,7,0.060766,14080,0.029821,1999.91,4159.28,19.345,ACTIVE,0.05664
18,Tangshan Songting,2019,8,0.074099,16427,0.034792,1624.79,3637.0,20.293,ACTIVE,0.05664
18,Tangshan Songting,2019,9,0.062743,16260,0.034438,1819.43,3395.5,13.55,ACTIVE,0.05664
18,Tangshan Songting,2019,10,0.019654,5412,0.011462,2137.99,3375.5,10.228,IDLE,0.05664
18,Tangshan Songting,2019,11,0.018926,4655,0.009859,1939.11,3072.75,23.074,IDLE,0.05664
18,Tangshan Songting,2019,12,0.020005,5434,0.011509,1885.13,2899.78,9.132,IDLE,0.05664
18,Tangshan Songting,2020,1,0.022159,6112,0.012945,1817.52,2785.76,9.847,IDLE,0.05664
18,Tangshan Songting,2020,2,0.048113,13029,0.027595,1466.72,2593.89,10.888,IDLE,0.05664
18,Tangshan Songting,2020,3,0.023447,6349,0.013447,2084.06,3210.5,25.083,IDLE,0.05664
18,Tangshan Songting,2020,4,0.019051,5164,0.010937,2449.38,3728.25,17.187,IDLE,0.05664
18,Tangshan Songting,2020,5,0.037341,9527,0.020178,2204.94,3878.5,13.642,IDLE,0.05664
18,Tangshan Songting,2020,6,0.033931,8747,0.018526,2424.98,4125.75,15.673,IDLE,0.05664
18,Tangshan Songting,2020,7,0.053463,13310,0.02819,2152.79,4124.75,16.242,IDLE,0.05664
18,Tangshan Songting,2020,8,0.066387,16427,0.034792,1734.39,3523.0,11.724,ACTIVE,0.05664
18,Tangshan Songting,2020,9,0.062917,15005,0.03178,1623.89,3343.0,20.814,ACTIVE,0.05664
18,Tangshan Songting,2020,10,0.018134,4862,0.010298,2060.85,3132.26,24.503,IDLE,0.05664
18,Tangshan Songting,2020,11,0.024753,6575,0.013926,1959.01,3086.13,25.494,IDLE,0.05664
18,Tangshan Songting,2020,12,0.025029,7086,0.015008,1965.7,3044.75,5.893,IDLE,0.05664
18,Tangshan Songting,2021,1,0.022389,6591,0.01396,2049.68,3098.26,5.142,IDLE,0.05664
18,Tangshan Songting,2021,2,0.024038,7108,0.015055,2090.57,3152.25,6.035,IDLE,0.05664
18,Tangshan Songting,2021,3,0.037471,11666,0.024708,2454.51,3674.0,8.645,IDLE,0.05664
18,Tangshan Songting,2021,4,0.034781,9887,0.02094,2389.2,3738.75,21.014,IDLE,0.05664
18,Tangshan Songting,2021,5,0.036017,9244,0.019579,2330.42,4069.0,11.822,IDLE,0.05664
18,Tangshan Songting,2021,6,0.037017,8773,0.018581,2414.72,4421.0,14.908,IDLE,0.05664
18,Tangshan Songting,2021,7,0.05074,11550,0.024463,2230.35,4558.0,14.833,IDLE,0.05664
18,Tangshan Songting,2021,8,0.076333,16669,0.035305,1627.21,3749.25,12.389,ACTIVE,0.05664
18,Tangshan Songting,2021,9,0.077718,17324,0.036692,1590.55,3560.25,16.761,ACTIVE,0.05664
18,Tangshan Songting,2021,10,0.060768,16997,0.035999,2039.37,3460.25,10.782,ACTIVE,0.05664
18,Tangshan Songting,2021,11,0.045653,11434,0.024217,1559.72,2856.5,22.251,IDLE,0.05664
18,Tangshan Songting,2021,12,0.033643,9437,0.019987,1957.33,3141.75,10.207,IDLE,0.05664
18,Tangshan Songting,2022,1,0.031476,8997,0.019055,1938.48,3043.0,11.038,IDLE,0.05664
18,Tangshan Songting,2022,2,0.026798,7471,0.015823,1992.41,3103.0,19.362,IDLE,0.05664
18,Tangshan Songting,2022,3,0.013077,4212,0.008921,2466.2,3258.02,6.806,IDLE,0.05664
18,Tangshan Songting,2022,4,0.032535,9265,0.019623,2370.25,3719.0,10.706,IDLE,0.05664
18,Tangshan Songting,2022,5,0.144265,14848,0.031448,820.39,3747.0,8.561,ACTIVE,0.05664
18,Tangshan Songting,2022,6,0.048614,11464,0.02428,2307.54,4507.0,18.077,IDLE,0.05664
18,Tangshan Songting,2022,7,0.057806,13352,0.028279,2009.69,4152.75,20.267,ACTIVE,0.05664
18,Tangshan Songting,2022,8,0.076555,16678,0.035324,1601.47,3655.0,11.013,ACTIVE,0.05664
18,Tangshan Songting,2022,9,0.065359,15586,0.033011,1715.59,3517.0,9.527,ACTIVE,0.05664
18,Tangshan Songting,2022,10,0.035359,9777,0.020707,2097.28,3428.0,10.293,IDLE,0.05664
18,Tangshan Songting,2022,11,0.031551,8858,0.018761,1944.35,3071.0,16.475,IDLE,0.05664
18,Tangshan Songting,2022,12,0.025563,7028,0.014885,2029.9,3182.88,11.557,IDLE,0.05664
18,Tangshan Songting,2023,1,0.017936,5128,0.010861,2141.43,3184.5,8.916,IDLE,0.05664
18,Tangshan Songting,2023,2,0.016143,4545,0.009626,2142.74,3153.5,17.47,IDLE,0.05664
18,Tangshan Songting,2023,3,0.023748,7087,0.01501,2390.41,3487.75,11.064,IDLE,0.05664
18,Tangshan Songting,2023,4,0.038271,10870,0.023022,2333.46,3721.5,7.551,IDLE,0.05664
18,Tangshan Songting,2023,5,0.033749,8871,0.018789,2327.3,3930.75,10.891,IDLE,0.05664
18,Tangshan Songting,2023,6,0.042016,9921,0.021012,2366.69,4482.5,15.818,IDLE,0.05664
18,Tangshan Songting,2023,7,0.054055,12658,0.026809,2155.86,4350.25,15.536,IDLE,0.05664
18,Tangshan Songting,2023,8,0.081673,17512,0.03709,1554.64,3666.5,10.784,ACTIVE,0.05664
18,Tangshan Songting,2023,9,0.069829,16717,0.035406,1701.77,3560.5,12.151,ACTIVE,0.05664
18,Tangshan Songting,2023,10,0.031832,8513,0.01803,2013.36,3347.5,10.961,IDLE,0.05664
18,Tangshan Songting,2023,11,0.036904,10613,0.022478,2043.64,3257.5,15.814,IDLE,0.05664
18,Tangshan Songting,2023,12,0.072172,16381,0.034695,885.91,1914.5,21.067,ACTIVE,0.05664
18,Tangshan Songting,2024,1,0.032129,9006,0.019074,1772.88,2830.25,12.227,IDLE,0.05664
18,Tangshan Songting,2024,2,0.030875,9332,0.019765,2129.06,3190.25,13.875,IDLE,0.05664
18,Tangshan Songting,2024,3,0.022808,6785,0.01437,2295.21,3377.0,8.343,IDLE,0.05664
18,Tangshan Songting,2024,4,0.032369,9769,0.020691,2446.53,3686.52,5.87,IDLE,0.05664
18,Tangshan Songting,2024,5,0.035711,9142,0.019363,2343.27,4085.5,8.487,IDLE,0.05664
18,Tangshan Songting,2024,6,0.042833,11121,0.023554,2429.74,4291.0,18.839,IDLE,0.05664
18,Tangshan Songting,2024,7,0.062544,14310,0.030308,1964.43,4133.75,15.862,ACTIVE,0.05664
18,Tangshan Songting,2024,8,0.083473,17658,0.037399,1636.96,3934.25,11.571,ACTIVE,0.05664
18,Tangshan Songting,2024,9,0.192159,19283,0.040841,626.57,3163.0,6.406,ACTIVE,0.05664
18,Tangshan Songting,2024,10,0.034104,9364,0.019833,2043.97,3359.25,9.204,IDLE,0.05664
18,Tangshan Songting,2024,11,0.030632,8535,0.018077,2024.05,3222.0,13.59,IDLE,0.05664
18,Tangshan Songting,2024,12,0.032937,9162,0.019405,1932.19,3115.5,10.642,IDLE,0.05664
19,Laiwu Steel,2019,1,0.02686,6530,0.014497,1714.31,2901.0,11.377,IDLE,0.05664
19,Laiwu Steel,2019,2,0.504402,40609,0.090154,412.94,2581.25,6.284,ACTIVE,0.05664
19,Laiwu Steel,2019,3,0.027918,7089,0.015738,1952.22,3217.5,19.721,IDLE,0.05664
19,Laiwu Steel,2019,4,0.029729,7680,0.01705,2106.13,3436.0,14.277,IDLE,0.05664
19,Laiwu Steel,2019,5,0.049667,11399,0.025306,2419.93,4603.5,11.465,IDLE,0.05664
19,Laiwu Steel,2019,6,0.066291,14131,0.031371,2434.66,5198.5,14.045,ACTIVE,0.05664
19,Laiwu Steel,2019,7,0.057155,12085,0.026829,2110.39,4426.75,14.474,ACTIVE,0.05664
19,Laiwu Steel,2019,8,0.051313,12088,0.026836,1986.11,3777.25,10.985,IDLE,0.05664
19,Laiwu Steel,2019,9,0.046939,11346,0.025189,1912.46,3506.0,13.995,IDLE,0.05664
19,Laiwu Steel,2019,10,0.037994,8909,0.019778,1730.13,3159.25,11.351,IDLE,0.05664
19,Laiwu Steel,2019,11,0.030382,7089,0.015738,1668.16,2939.5,12.089,IDLE,0.05664
19,Laiwu Steel,2019,12,0.02745,6264,0.013906,1581.43,2769.9,10.099,IDLE,0.05664
19,Laiwu Steel,2020,1,0.030409,7091,0.015742,1582.01,2783.0,14.33,IDLE,0.05664
19,Laiwu Steel,2020,2,0.991761,17068,0.037892,46.42,1355.4,10.36,ACTIVE,0.05664
19,Laiwu Steel,2020,3,0.025853,6575,0.014597,1971.83,3215.0,6.645,IDLE,0.05664
19,Laiwu Steel,2020,4,0.039282,9465,0.021013,2156.02,3845.25,10.299,IDLE,0.05664
19,Laiwu Steel,2020,5,0.049492,11225,0.02492,2312.37,4450.5,12.399,IDLE,0.05664
19,Laiwu Steel,2020,6,0.072301,15344,0.034064,2380.02,5198.25,15.765,ACTIVE,0.05664
19,Laiwu Steel,2020,7,0.430942,33470,0.074305,491.61,3225.75,5.292,ACTIVE,0.05664
19,Laiwu Steel,2020,8,0.059206,13139,0.029169,1866.62,3822.0,10.37,ACTIVE,0.05664
19,Laiwu Steel,2020,9,0.049171,10646,0.023635,1812.37,3666.5,19.143,IDLE,0.05664
19,Laiwu Steel,2020,10,0.03677,8687,0.019286,1702.93,3089.5,7.526,IDLE,0.05664
19,Laiwu Steel,2020,11,0.032794,7650,0.016983,1672.4,2992.0,11.383,IDLE,0.05664
19,Laiwu Steel,2020,12,0.027691,6372,0.014146,1640.54,2887.3,15.99,IDLE,0.05664
19,Laiwu Steel,2021,1,0.02449,5947,0.013203,1727.62,2899.0,8.349,IDLE,0.05664
19,Laiwu Steel,2021,2,0.022351,5387,0.011959,1804.11,3029.25,10.382,IDLE,0.05664
19,Laiwu Steel,2021,3,0.025019,6582,0.014612,2081.56,3259.0,7.966,IDLE,0.05664
19,Laiwu Steel,2021,4,0.034822,8601,0.019095,2067.26,3554.25,11.584,IDLE,0.05664
19,Laiwu Steel,2021,5,0.058469,13086,0.029052,2365.72,4733.75,16.98,ACTIVE,0.05664
19,Laiwu Steel,2021,6,0.114095,21489,0.047707,2682.56,7154.0,9.164,ACTIVE,0.05664
19,Laiwu Steel,2021,7,0.148922,14866,0.033003,819.9,3778.5,4.674,ACTIVE,0.05664
19,Laiwu Steel,2021,8,0.146274,25299,0.056165,2204.8,6562.0,7.038,ACTIVE,0.05664
19,Laiwu Steel,2021,9,0.04473,10408,0.023106,1821.42,3434.0,7.489,IDLE,0.05664
19,Laiwu Steel,2021,10,0.043522,10263,0.022784,1661.45,3059.5,8.902,IDLE,0.05664
19,Laiwu Steel,2021,11,0.031264,6685,0.014841,1599.77,2948.0,23.353,IDLE,0.05664
19,Laiwu Steel,2021,12,0.027124,5945,0.013198,1642.2,2940.5,23.221,IDLE,0.05664
19,Laiwu Steel,2022,1,0.026015,5543,0.012306,1650.26,2911.0,23.412,IDLE,0.05664
19,Laiwu Steel,2022,2,0.026331,6011,0.013345,1751.74,3061.0,15.26,IDLE,0.05664
19,Laiwu Steel,2022,3,0.024617,6166,0.013689,1953.65,3226.5,6.904,IDLE,0.05664
19,Laiwu Steel,2022,4,0.034217,8562,0.019008,2086.54,3571.25,9.804,IDLE,0.05664
19,Laiwu Steel,2022,5,0.050455,11537,0.025613,2343.74,4550.55,11.101,IDLE,0.05664
19,Laiwu Steel,2022,6,0.062104,14065,0.031225,2368.66,4810.5,16.26,ACTIVE,0.05664
19,Laiwu Steel,2022,7,0.085721,16324,0.03624,2104.55,5279.0,13.84,ACTIVE,0.05664
19,Laiwu Steel,2022,8,0.111667,23089,0.051259,2168.5,5093.0,14.405,ACTIVE,0.05664
19,Laiwu Steel,2022,9,0.042905,10095,0.022411,1774.41,3291.0,17.556,IDLE,0.05664
19,Laiwu Steel,2022,10,0.044492,9941,0.022069,1655.2,3205.25,13.442,IDLE,0.05664
19,Laiwu Steel,2022,11,0.033072,7370,0.016362,1630.73,2961.5,21.073,IDLE,0.05664
19,Laiwu Steel,2022,12,0.025382,5948,0.013205,1684.89,2877.25,17.784,IDLE,0.05664
19,Laiwu Steel,2023,1,0.022277,5097,0.011316,1720.45,2939.0,21.206,IDLE,0.05664
19,Laiwu Steel,2023,2,0.025244,6180,0.01372,1783.65,2944.0,16.311,IDLE,0.05664
19,Laiwu Steel,2023,3,0.022354,5677,0.012603,2001.41,3253.25,6.015,IDLE,0.05664
19,Laiwu Steel,2023,4,0.030602,7722,0.017143,2163.37,3579.75,18.296,IDLE,0.05664
19,Laiwu Steel,2023,5,0.04145,10225,0.0227,2283.63,3997.0,23.274,IDLE,0.05664
19,Laiwu Steel,2023,6,0.05965,13062,0.028998,2347.65,4847.0,14.889,ACTIVE,0.05664
19,Laiwu Steel,2023,7,0.080698,17070,0.037896,2237.17,5022.5,14.665,ACTIVE,0.05664
19,Laiwu Steel,2023,8,0.068293,14996,0.033292,1943.85,4128.25,18.867,ACTIVE,0.05664
19,Laiwu Steel,2023,9,0.043833,10238,0.022729,1849.61,3454.0,14.451,IDLE,0.05664
19,Laiwu Steel,2023,10,0.035846,8511,0.018895,1694.39,3032.0,11.172,IDLE,0.05664
19,Laiwu Steel,2023,11,0.022941,5222,0.011593,1694.85,2953.5,11.756,IDLE,0.05664
19,Laiwu Steel,2023,12,0.023608,4984,0.011065,1617.67,2940.3,16.378,IDLE,0.05664
19,Laiwu Steel,2024,1,0.020066,4349,0.009655,1677.19,2908.0,16.043,IDLE,0.05664
19,Laiwu Steel,2024,2,0.03179,7217,0.016022,1600.51,2888.0,13.195,IDLE,0.05664
19,Laiwu Steel,2024,3,0.019798,5053,0.011218,1989.34,3140.5,6.071,IDLE,0.05664
19,Laiwu Steel,2024,4,0.033759,8514,0.018901,2136.21,3613.0,13.587,IDLE,0.05664
19,Laiwu Steel,2024,5,0.050076,11253,0.024982,2270.84,4449.8,14.726,IDLE,0.05664
19,Laiwu Steel,2024,6,0.059911,12650,0.028084,2373.75,4979.0,15.827,ACTIVE,0.05664
20,Rizhao Steel,2019,2,0.060893,11227,0.025194,1244.66,2958.5,11.695,ACTIVE,0.05664
20,Rizhao Steel,2019,3,0.044108,9375,0.021038,1694.75,3454.42,4.652,IDLE,0.05664
20,Rizhao Steel,2019,4,0.054447,11355,0.025482,2038.53,4299.5,6.19,IDLE,0.05664
20,Rizhao Steel,2019,5,0.060124,12545,0.028152,2068.24,4435.0,12.473,ACTIVE,0.05664
20,Rizhao Steel,2019,6,0.075381,14685,0.032954,2195.36,5193.5,14.652,ACTIVE,0.05664
20,Rizhao Steel,2019,7,0.083058,17009,0.03817,2181.42,5001.5,12.025,ACTIVE,0.05664
20,Rizhao Steel,2019,8,0.068731,13761,0.030881,1799.78,4041.25,8.916,ACTIVE,0.05664
20,Rizhao Steel,2019,9,0.064422,12979,0.029126,1765.8,3914.5,6.863,ACTIVE,0.05664
20,Rizhao Steel,2019,10,0.060042,12429,0.027892,1588.25,3432.5,4.961,ACTIVE,0.05664
20,Rizhao Steel,2019,11,0.069123,12704,0.028509,1470.58,3532.26,12.547,ACTIVE,0.05664
20,Rizhao Steel,2019,12,0.060997,10948,0.024568,1381.29,3334.75,16.431,ACTIVE,0.05664
20,Rizhao Steel,2020,1,0.06743,11053,0.024804,1397.63,3600.0,17.339,ACTIVE,0.05664
20,Rizhao Steel,2020,2,0.05699,11118,0.02495,1325.69,2992.25,14.527,ACTIVE,0.05664
20,Rizhao Steel,2020,3,0.051617,10573,0.023727,1779.77,3803.72,6.708,IDLE,0.05664
20,Rizhao Steel,2020,4,0.054622,11744,0.026354,1923.91,3919.92,15.93,IDLE,0.05664
20,Rizhao Steel,2020,5,0.056431,12277,0.027551,2241.86,4513.75,15.231,IDLE,0.05664
20,Rizhao Steel,2020,7,0.078836,15816,0.035492,2027.34,4702.75,13.706,ACTIVE,0.05664
20,Rizhao Steel,2020,8,0.062692,12195,0.027367,1832.97,4158.25,16.882,ACTIVE,0.05664
20,Rizhao Steel,2020,9,0.063028,12206,0.027391,1679.66,3872.0,6.508,ACTIVE,0.05664
20,Rizhao Steel,2020,10,0.068065,13416,0.030107,1529.19,3506.5,5.459,ACTIVE,0.05664
20,Rizhao Steel,2020,11,0.062362,12571,0.02821,1557.48,3449.5,13.185,ACTIVE,0.05664
20,Rizhao Steel,2020,12,0.062446,12335,0.027681,1457.8,3273.96,8.302,ACTIVE,0.05664
20,Rizhao Steel,2021,1,0.057795,11027,0.024745,1451.55,3300.0,9.099,ACTIVE,0.05664
20,Rizhao Steel,2021,2,0.052983,10034,0.022517,1511.92,3443.35,10.42,IDLE,0.05664
20,Rizhao Steel,2021,3,0.043563,8828,0.019811,1651.16,3460.25,12.125,IDLE,0.05664
20,Rizhao Steel,2021,4,0.050063,10186,0.022858,1873.6,3961.0,13.669,IDLE,0.05664
20,Rizhao Steel,2021,5,0.061762,12029,0.026994,1930.63,4393.5,16.343,ACTIVE,0.05664
20,Rizhao Steel,2021,7,0.086907,15753,0.035351,1958.66,5070.5,16.47,ACTIVE,0.05664
20,Rizhao Steel,2021,8,0.083652,17100,0.038374,2021.27,4593.75,13.966,ACTIVE,0.05664
20,Rizhao Steel,2021,9,0.066076,12458,0.027957,1638.33,3894.5,15.431,ACTIVE,0.05664
20,Rizhao Steel,2021,10,0.087465,14927,0.033497,1577.15,4428.14,5.366,ACTIVE,0.05664
20,Rizhao Steel,2021,11,0.058285,10474,0.023504,1446.88,3425.0,17.291,ACTIVE,0.05664
20,Rizhao Steel,2021,12,0.064344,11713,0.026285,1405.04,3375.5,14.15,ACTIVE,0.05664
20,Rizhao Steel,2022,1,0.057733,10983,0.024647,1382.99,3130.76,19.788,ACTIVE,0.05664
20,Rizhao Steel,2022,2,0.060969,11185,0.0251,1533.58,3624.5,10.023,ACTIVE,0.05664
20,Rizhao Steel,2022,3,0.049128,9962,0.022356,1659.26,3554.0,8.454,IDLE,0.05664
20,Rizhao Steel,2022,4,0.049741,10692,0.023994,1913.26,3889.5,8.929,IDLE,0.05664
20,Rizhao Steel,2022,5,0.061216,12487,0.028022,2048.18,4410.5,15.722,ACTIVE,0.05664
20,Rizhao Steel,2022,6,0.07899,15054,0.033782,2025.6,4913.5,16.192,ACTIVE,0.05664
20,Rizhao Steel,2022,7,0.096086,17654,0.039617,2033.09,5414.5,11.104,ACTIVE,0.05664
20,Rizhao Steel,2022,8,0.074076,15497,0.034777,2069.35,4502.75,8.169,ACTIVE,0.05664
20,Rizhao Steel,2022,9,0.065878,12464,0.02797,1651.42,3915.42,13.796,ACTIVE,0.05664
20,Rizhao Steel,2022,10,0.062113,11940,0.026794,1539.55,3546.5,7.382,ACTIVE,0.05664
20,Rizhao Steel,2022,11,0.064833,11722,0.026305,1575.8,3766.5,12.465,ACTIVE,0.05664
20,Rizhao Steel,2022,12,0.060895,11130,0.024977,1431.82,3374.0,13.132,ACTIVE,0.05664
20,Rizhao Steel,2023,1,0.057455,10701,0.024014,1528.71,3489.5,14.851,ACTIVE,0.05664
20,Rizhao Steel,2023,3,0.049447,9852,0.022109,1712.47,3646.0,15.679,IDLE,0.05664
20,Rizhao Steel,2023,4,0.05657,10782,0.024196,1860.23,4138.0,16.032,IDLE,0.05664
20,Rizhao Steel,2023,5,0.062691,11860,0.026615,2009.31,4604.75,15.134,ACTIVE,0.05664
20,Rizhao Steel,2023,6,0.112134,22339,0.05013,2229.27,5359.0,13.417,ACTIVE,0.05664
20,Rizhao Steel,2023,7,0.078531,14442,0.032409,2056.75,5112.5,14.959,ACTIVE,0.05664
20,Rizhao Steel,2023,8,0.067601,12549,0.028161,1885.8,4422.0,15.827,ACTIVE,0.05664
20,Rizhao Steel,2023,9,0.065721,12569,0.028206,1731.46,4025.0,7.936,ACTIVE,0.05664
20,Rizhao Steel,2023,10,0.141201,24635,0.055283,2035.68,5573.5,4.399,ACTIVE,0.05664
20,Rizhao Steel,2023,11,0.070154,12662,0.028415,1445.28,3548.5,11.201,ACTIVE,0.05664
20,Rizhao Steel,2023,12,0.064623,11339,0.025446,1417.41,3517.75,10.39,ACTIVE,0.05664
20,Rizhao Steel,2024,1,0.063549,11386,0.025551,1442.75,3519.25,8.249,ACTIVE,0.05664
20,Rizhao Steel,2024,2,0.063946,11623,0.026083,1253.09,3055.13,12.206,ACTIVE,0.05664
20,Rizhao Steel,2024,3,0.055799,10438,0.023424,1711.98,3935.0,10.547,IDLE,0.05664
20,Rizhao Steel,2024,4,0.050999,10615,0.023821,1838.74,3794.0,12.019,IDLE,0.05664
20,Rizhao Steel,2024,5,0.066977,12450,0.027939,2025.34,4721.5,14.041,ACTIVE,0.05664
20,Rizhao Steel,2024,7,0.074017,13578,0.03047,1977.0,4839.0,12.67,ACTIVE,0.05664
20,Rizhao Steel,2024,8,0.090735,16823,0.037752,1818.67,4649.0,15.494,ACTIVE,0.05664
20,Rizhao Steel,2024,9,0.067211,12931,0.029018,1673.41,3914.5,7.321,ACTIVE,0.05664
20,Rizhao Steel,2024,10,0.071537,13315,0.02988,1566.81,3795.42,6.969,ACTIVE,0.05664
20,Rizhao Steel,2024,11,0.072817,12978,0.029124,1410.05,3517.0,11.679,ACTIVE,0.05664
20,Rizhao Steel,2024,12,0.066962,12230,0.027445,1399.79,3392.0,7.783,ACTIVE,0.05664
21,Shandong Laigang,2019,1,0.042412,10911,0.024102,1832.4,3187.5,5.266,IDLE,0.05664
21,Shandong Laigang,2019,3,0.037654,10154,0.02243,2029.95,3321.48,10.201,IDLE,0.05664
21,Shandong Laigang,2019,4,0.038,9932,0.021939,2124.52,3555.48,12.534,IDLE,0.05664
21,Shandong Laigang,2019,5,0.052353,11815,0.026099,2372.44,4719.48,10.37,IDLE,0.05664
21,Shandong Laigang,2019,6,0.052599,11507,0.025418,2488.17,5056.0,15.024,IDLE,0.05664
21,Shandong Laigang,2019,7,0.06694,14483,0.031992,2074.58,4502.48,13.676,ACTIVE,0.05664
21,Shandong Laigang,2019,9,0.070621,17454,0.038555,1931.09,3663.73,11.395,ACTIVE,0.05664
21,Shandong Laigang,2019,10,0.054542,13202,0.029163,1801.72,3372.5,7.176,IDLE,0.05664
21,Shandong Laigang,2019,11,0.044354,10833,0.02393,1718.13,3122.0,6.495,IDLE,0.05664
21,Shandong Laigang,2019,12,0.034785,8529,0.01884,1639.38,2886.5,6.294,IDLE,0.05664
21,Shandong Laigang,2020,1,0.034654,8633,0.01907,1673.51,2904.25,6.221,IDLE,0.05664
21,Shandong Laigang,2020,3,0.033864,8762,0.019355,2012.87,3330.5,9.708,IDLE,0.05664
21,Shandong Laigang,2020,4,0.042875,9864,0.021789,2126.51,3902.5,13.101,IDLE,0.05664
21,Shandong Laigang,2020,5,0.055808,12353,0.027287,2137.88,4273.0,12.824,IDLE,0.05664
21,Shandong Laigang,2020,6,0.061189,13414,0.029631,2330.89,4757.0,16.097,ACTIVE,0.05664
21,Shandong Laigang,2020,8,0.051338,12984,0.028681,1942.71,3461.0,10.557,IDLE,0.05664
21,Shandong Laigang,2020,9,0.074183,17283,0.038177,1679.49,3389.5,13.026,ACTIVE,0.05664
21,Shandong Laigang,2020,10,0.054404,13121,0.028984,1729.3,3279.0,7.506,IDLE,0.05664
21,Shandong Laigang,2020,11,0.03573,8661,0.019132,1728.54,3058.5,12.313,IDLE,0.05664
21,Shandong Laigang,2020,12,0.031331,7501,0.016569,1687.04,2947.47,7.086,IDLE,0.05664
21,Shandong Laigang,2021,1,0.02664,6770,0.014955,1872.29,3078.75,6.618,IDLE,0.05664
21,Shandong Laigang,2021,2,0.034463,8672,0.019156,1895.62,3239.95,7.005,IDLE,0.05664
21,Shandong Laigang,2021,3,0.034586,8773,0.019379,2136.47,3568.5,11.42,IDLE,0.05664
21,Shandong Laigang,2021,4,0.040388,9548,0.021091,2000.19,3590.0,13.475,IDLE,0.05664
21,Shandong Laigang,2021,5,0.058138,12071,0.026664,2165.91,4558.5,15.014,ACTIVE,0.05664
21,Shandong Laigang,2021,6,0.059437,11805,0.026077,2376.29,5198.5,16.623,ACTIVE,0.05664
21,Shandong Laigang,2021,7,0.082633,14527,0.032089,2033.6,5295.5,15.171,ACTIVE,0.05664
21,Shandong Laigang,2021,8,0.168543,27648,0.061073,2147.91,6672.0,7.179,ACTIVE,0.05664
21,Shandong Laigang,2021,9,0.06626,14783,0.032655,1666.97,3466.45,14.097,ACTIVE,0.05664
21,Shandong Laigang,2021,10,0.074684,18074,0.039925,1674.01,3269.75,11.835,ACTIVE,0.05664
21,Shandong Laigang,2021,11,0.039356,8904,0.019668,1455.48,2735.92,11.643,IDLE,0.05664
21,Shandong Laigang,2021,12,0.031259,7460,0.016479,1704.94,3007.0,10.863,IDLE,0.05664
21,Shandong Laigang,2022,1,0.030932,7355,0.016247,1666.88,2937.5,7.935,IDLE,0.05664
21,Shandong Laigang,2022,2,0.029326,7234,0.01598,1826.4,3102.5,7.118,IDLE,0.05664
21,Shandong Laigang,2022,3,0.031411,8164,0.018034,1992.85,3284.5,12.158,IDLE,0.05664
21,Shandong Laigang,2022,5,0.057739,12286,0.027139,2270.8,4681.75,13.698,ACTIVE,0.05664
21,Shandong Laigang,2022,6,0.067505,13388,0.029573,2384.11,5434.0,14.441,ACTIVE,0.05664
21,Shandong Laigang,2022,7,0.078598,14590,0.032229,2039.56,5125.0,14.847,ACTIVE,0.05664
21,Shandong Laigang,2022,8,0.069579,14530,0.032096,1844.05,4135.0,12.47,ACTIVE,0.05664
21,Shandong Laigang,2022,9,0.076738,18018,0.039801,1721.26,3463.98,9.955,ACTIVE,0.05664
21,Shandong Laigang,2022,10,0.081308,18257,0.040329,1646.67,3465.5,17.456,ACTIVE,0.05664
21,Shandong Laigang,2022,11,0.047087,11068,0.024449,1599.26,3013.75,13.617,IDLE,0.05664
21,Shandong Laigang,2022,12,0.033891,8337,0.018416,1692.98,2968.75,8.983,IDLE,0.05664
21,Shandong Laigang,2023,1,0.031426,8062,0.017809,1818.08,3080.48,5.372,IDLE,0.05664
21,Shandong Laigang,2023,2,0.032909,8584,0.018962,1800.53,2988.25,7.448,IDLE,0.05664
21,Shandong Laigang,2023,3,0.038774,10197,0.022525,2049.37,3463.5,7.977,IDLE,0.05664
21,Shandong Laigang,2023,4,0.050247,12826,0.028332,2101.67,3779.0,10.766,IDLE,0.05664
21,Shandong Laigang,2023,5,0.061506,13533,0.029894,2111.2,4431.98,17.856,ACTIVE,0.05664
21,Shandong Laigang,2023,6,0.073054,13869,0.030636,2277.42,5602.0,13.403,ACTIVE,0.05664
21,Shandong Laigang,2023,7,0.075459,14824,0.032745,2163.15,5262.97,12.895,ACTIVE,0.05664
21,Shandong Laigang,2023,8,0.092292,18911,0.041773,1783.1,4221.25,12.407,ACTIVE,0.05664
21,Shandong Laigang,2023,9,0.073328,16616,0.036704,1756.38,3753.21,12.765,ACTIVE,0.05664
21,Shandong Laigang,2023,10,0.059199,14207,0.031383,1698.16,3290.0,7.292,ACTIVE,0.05664
21,Shandong Laigang,2023,11,0.041422,9818,0.021687,1654.12,3079.5,9.585,IDLE,0.05664
21,Shandong Laigang,2023,12,0.049789,10792,0.023839,1016.06,2054.0,12.795,IDLE,0.05664
21,Shandong Laigang,2024,1,0.0336,8137,0.017974,1666.62,2963.0,6.195,IDLE,0.05664
21,Shandong Laigang,2024,2,0.031568,7777,0.017179,1853.27,3222.0,7.221,IDLE,0.05664
21,Shandong Laigang,2024,3,0.035147,9211,0.020347,1991.92,3317.75,10.14,IDLE,0.05664
21,Shandong Laigang,2024,4,0.049704,11919,0.026328,2057.27,3903.5,12.625,IDLE,0.05664
21,Shandong Laigang,2024,5,0.062003,13145,0.029037,2169.03,4735.23,16.486,ACTIVE,0.05664
21,Shandong Laigang,2024,6,0.059323,12443,0.027486,2465.68,5345.5,16.158,ACTIVE,0.05664
21,Shandong Laigang,2024,8,0.076257,15881,0.03508,1890.2,4397.0,15.142,ACTIVE,0.05664
21,Shandong Laigang,2024,9,0.078547,18342,0.040517,1765.75,3558.0,10.942,ACTIVE,0.05664
21,Shandong Laigang,2024,10,0.061061,15387,0.033989,1804.74,3333.75,7.865,ACTIVE,0.05664
21,Shandong Laigang,2024,11,0.047921,10989,0.024274,1626.64,3177.5,9.767,IDLE,0.05664
21,Shandong Laigang,2024,12,0.04216,9664,0.021347,1519.35,2893.75,7.918,IDLE,0.05664
22,Jinan Steel,2019,1,0.069049,15136,0.033424,1220.8,2597.0,13.13,ACTIVE,0.05664
22,Jinan Steel,2019,3,0.054418,13454,0.029709,1465.23,2701.75,11.607,IDLE,0.05664
22,Jinan Steel,2019,4,0.050516,12810,0.028287,1598.42,2813.25,15.229,IDLE,0.05664
22,Jinan Steel,2019,5,0.056641,13857,0.030599,1873.98,3440.5,14.697,ACTIVE,0.05664
22,Jinan Steel,2019,6,0.063431,15384,0.033971,1933.73,3634.5,16.461,ACTIVE,0.05664
22,Jinan Steel,2019,7,0.048296,11746,0.025938,1806.95,3244.5,17.075,IDLE,0.05664
22,Jinan Steel,2019,8,0.058077,13906,0.030708,1576.3,2940.25,23.04,ACTIVE,0.05664
22,Jinan Steel,2019,9,0.065477,15362,0.033923,1461.7,2863.25,16.427,ACTIVE,0.05664
22,Jinan Steel,2019,10,0.074792,15332,0.033856,1242.9,2783.25,28.35,ACTIVE,0.05664
22,Jinan Steel,2019,11,0.07471,15277,0.033735,1147.21,2564.5,30.486,ACTIVE,0.05664
22,Jinan Steel,2019,12,0.072942,15679,0.034623,1105.65,2384.75,25.515,ACTIVE,0.05664
22,Jinan Steel,2020,1,0.067299,14681,0.032419,1139.04,2393.5,31.828,ACTIVE,0.05664
22,Jinan Steel,2020,2,0.068116,14848,0.032788,1200.34,2523.5,28.42,ACTIVE,0.05664
22,Jinan Steel,2020,3,0.052883,12923,0.028537,1443.96,2656.5,26.16,IDLE,0.05664
22,Jinan Steel,2020,4,0.052143,12898,0.028482,1615.81,2900.0,18.777,IDLE,0.05664
22,Jinan Steel,2020,5,0.026004,5068,0.011191,1478.9,3046.5,8.931,IDLE,0.05664
22,Jinan Steel,2020,6,0.062045,14887,0.032874,1913.86,3615.5,15.765,ACTIVE,0.05664
22,Jinan Steel,2020,7,0.063077,12636,0.027903,1721.97,3792.5,11.346,ACTIVE,0.05664
22,Jinan Steel,2020,8,0.008855,1600,0.003533,1162.76,2220.5,6.501,IDLE,0.05664
22,Jinan Steel,2020,9,0.069792,16291,0.035974,1364.44,2707.0,18.921,ACTIVE,0.05664
22,Jinan Steel,2020,10,0.072775,16263,0.035912,1281.22,2694.5,15.863,ACTIVE,0.05664
22,Jinan Steel,2020,11,0.077232,16587,0.036628,1204.89,2632.24,18.194,ACTIVE,0.05664
22,Jinan Steel,2020,12,0.076171,16169,0.035705,1149.52,2550.5,21.91,ACTIVE,0.05664
22,Jinan Steel,2021,1,0.071329,16174,0.035716,1256.55,2598.25,9.477,ACTIVE,0.05664
22,Jinan Steel,2021,2,0.069375,15568,0.034378,1279.1,2658.5,8.412,ACTIVE,0.05664
22,Jinan Steel,2021,3,0.047435,12986,0.028676,1649.79,2726.5,14.683,IDLE,0.05664
22,Jinan Steel,2021,4,0.055245,13587,0.030003,1562.07,2887.5,14.829,IDLE,0.05664
22,Jinan Steel,2021,5,0.061044,14942,0.032995,1882.51,3505.75,14.476,ACTIVE,0.05664
22,Jinan Steel,2021,6,0.074755,17064,0.037681,1998.07,4143.74,13.154,ACTIVE,0.05664
22,Jinan Steel,2021,8,0.089681,13968,0.030844,1704.56,5358.25,10.46,ACTIVE,0.05664
22,Jinan Steel,2021,9,0.074192,17399,0.038421,1414.79,2827.0,14.563,ACTIVE,0.05664
22,Jinan Steel,2021,10,0.077303,17341,0.038293,1244.99,2598.98,14.23,ACTIVE,0.05664
22,Jinan Steel,2021,11,0.078347,15352,0.033901,1025.15,2407.25,16.283,ACTIVE,0.05664
22,Jinan Steel,2021,12,0.07873,15879,0.035064,1113.95,2560.87,25.944,ACTIVE,0.05664
22,Jinan Steel,2022,1,0.064321,10880,0.024025,972.01,2513.98,15.999,ACTIVE,0.05664
22,Jinan Steel,2022,2,0.074923,16082,0.035513,1232.59,2675.75,14.888,ACTIVE,0.05664
22,Jinan Steel,2022,3,0.064672,15403,0.034013,1403.46,2726.75,11.513,ACTIVE,0.05664
22,Jinan Steel,2022,4,0.058065,14212,0.031383,1587.31,2932.0,17.843,ACTIVE,0.05664
22,Jinan Steel,2022,5,0.06366,15511,0.034252,1736.21,3244.37,15.23,ACTIVE,0.05664
22,Jinan Steel,2022,6,0.070751,16077,0.035502,1976.84,4035.5,15.802,ACTIVE,0.05664
22,Jinan Steel,2022,7,0.06646,15375,0.033951,1770.76,3489.0,18.34,ACTIVE,0.05664
22,Jinan Steel,2022,8,0.066218,15495,0.034216,1554.39,3007.5,15.066,ACTIVE,0.05664
22,Jinan Steel,2022,9,0.074767,17739,0.039172,1437.48,2847.25,13.12,ACTIVE,0.05664
22,Jinan Steel,2022,10,0.082573,17370,0.038357,1219.16,2732.0,21.764,ACTIVE,0.05664
22,Jinan Steel,2022,11,0.078476,15621,0.034495,1133.4,2607.48,22.995,ACTIVE,0.05664
22,Jinan Steel,2022,12,0.07657,15882,0.035071,1141.84,2574.5,15.133,ACTIVE,0.05664
22,Jinan Steel,2023,1,0.070639,15614,0.034479,1222.6,2574.0,13.744,ACTIVE,0.05664
22,Jinan Steel,2023,2,0.075154,17463,0.038562,1297.41,2656.5,14.916,ACTIVE,0.05664
22,Jinan Steel,2023,3,0.066766,16069,0.035484,1448.31,2817.5,10.29,ACTIVE,0.05664
22,Jinan Steel,2023,4,0.060323,16246,0.035875,1668.61,2864.5,14.307,ACTIVE,0.05664
22,Jinan Steel,2023,5,0.059323,15382,0.033967,1798.83,3168.0,16.433,ACTIVE,0.05664
22,Jinan Steel,2023,6,0.064243,14942,0.032995,1833.98,3569.5,18.287,ACTIVE,0.05664
22,Jinan Steel,2023,7,0.067095,15645,0.034548,1763.08,3472.25,18.853,ACTIVE,0.05664
22,Jinan Steel,2023,8,0.121491,21386,0.047225,1863.4,5461.75,7.043,ACTIVE,0.05664
22,Jinan Steel,2023,9,0.077677,17590,0.038843,1379.95,2888.0,13.719,ACTIVE,0.05664
22,Jinan Steel,2023,10,0.080629,17831,0.039375,1227.92,2666.75,19.701,ACTIVE,0.05664
22,Jinan Steel,2023,11,0.084469,16716,0.036913,1079.69,2593.25,18.101,ACTIVE,0.05664
22,Jinan Steel,2023,12,0.084778,15754,0.034788,875.17,2202.25,16.267,ACTIVE,0.05664
22,Jinan Steel,2024,1,0.077913,15929,0.035175,1137.2,2612.25,13.787,ACTIVE,0.05664
22,Jinan Steel,2024,2,0.075466,16012,0.035358,1270.02,2804.5,19.343,ACTIVE,0.05664
22,Jinan Steel,2024,3,0.058971,14434,0.031873,1449.72,2726.25,18.495,ACTIVE,0.05664
22,Jinan Steel,2024,4,0.060843,15396,0.033998,1589.78,2893.0,16.108,ACTIVE,0.05664
22,Jinan Steel,2024,5,0.064647,15797,0.034883,1738.79,3276.25,17.588,ACTIVE,0.05664
22,Jinan Steel,2024,6,0.066153,15795,0.034879,1828.34,3540.5,23.057,ACTIVE,0.05664
22,Jinan Steel,2024,8,0.101697,19481,0.043018,1642.7,4384.25,12.11,ACTIVE,0.05664
22,Jinan Steel,2024,9,0.080447,18339,0.040497,1303.04,2738.5,18.6,ACTIVE,0.05664
22,Jinan Steel,2024,10,0.07728,17698,0.039081,1262.21,2635.0,17.791,ACTIVE,0.05664
22,Jinan Steel,2024,11,0.07999,15382,0.033967,1083.44,2623.5,29.18,ACTIVE,0.05664
22,Jinan Steel,2024,12,0.076515,15247,0.033669,1045.61,2425.61,30.968,ACTIVE,0.05664
23,Linyi Steel,2019,1,0.060776,10181,0.02294,1181.18,3112.98,14.772,ACTIVE,0.05664
23,Linyi Steel,2019,3,0.044636,8324,0.018756,1448.7,3335.0,5.247,IDLE,0.05664
23,Linyi Steel,2019,4,0.047289,9160,0.02064,1648.93,3715.0,6.944,IDLE,0.05664
23,Linyi Steel,2019,5,0.042783,8024,0.01808,1704.26,3879.5,7.445,IDLE,0.05664
23,Linyi Steel,2019,6,0.043201,8135,0.01833,1814.85,4069.0,10.437,IDLE,0.05664
23,Linyi Steel,2019,7,0.049436,9020,0.020324,1720.33,4062.5,11.088,IDLE,0.05664
23,Linyi Steel,2019,8,0.045451,8433,0.019001,1531.8,3454.5,15.316,IDLE,0.05664
23,Linyi Steel,2019,9,0.058502,10430,0.023501,1434.46,3553.5,9.075,ACTIVE,0.05664
23,Linyi Steel,2019,10,0.065684,11722,0.026412,1261.19,3189.5,6.762,ACTIVE,0.05664
23,Linyi Steel,2019,11,0.079291,13063,0.029434,1170.34,3271.75,12.304,ACTIVE,0.05664
23,Linyi Steel,2019,12,0.075408,12506,0.028179,1078.08,2947.46,18.062,ACTIVE,0.05664
23,Linyi Steel,2020,1,0.067925,11158,0.025142,1153.65,3113.0,19.001,ACTIVE,0.05664
23,Linyi Steel,2020,3,0.045501,8617,0.019416,1422.26,3259.5,7.675,IDLE,0.05664
23,Linyi Steel,2020,4,0.043368,8678,0.019554,1601.66,3488.5,13.969,IDLE,0.05664
23,Linyi Steel,2020,5,0.049014,9341,0.021047,1787.79,4090.5,9.747,IDLE,0.05664
23,Linyi Steel,2020,7,0.052058,9458,0.021311,1736.93,4191.0,10.165,IDLE,0.05664
23,Linyi Steel,2020,8,0.120898,21235,0.047847,1864.17,5064.5,6.355,ACTIVE,0.05664
23,Linyi Steel,2020,9,0.068161,12313,0.027744,1448.54,3626.5,8.76,ACTIVE,0.05664
23,Linyi Steel,2020,10,0.078425,12700,0.028616,1144.78,3228.5,7.608,ACTIVE,0.05664
23,Linyi Steel,2020,11,0.079118,13168,0.02967,1165.48,3194.7,10.652,ACTIVE,0.05664
23,Linyi Steel,2020,12,0.071465,11559,0.026045,1123.93,3052.5,14.377,ACTIVE,0.05664
23,Linyi Steel,2021,1,0.063495,10585,0.02385,1096.31,2837.0,16.953,ACTIVE,0.05664
23,Linyi Steel,2021,2,0.058237,10073,0.022697,1304.03,3309.5,7.371,ACTIVE,0.05664
23,Linyi Steel,2021,3,0.047968,8699,0.019601,1385.21,3283.25,5.819,IDLE,0.05664
23,Linyi Steel,2021,4,0.047394,8786,0.019797,1550.24,3565.89,11.081,IDLE,0.05664
23,Linyi Steel,2021,5,0.109791,20334,0.045817,2127.19,5402.0,5.002,ACTIVE,0.05664
23,Linyi Steel,2021,6,0.049974,9140,0.020594,1852.34,4424.0,9.215,IDLE,0.05664
23,Linyi Steel,2021,7,0.055339,9512,0.021433,1659.57,4275.25,8.666,IDLE,0.05664
23,Linyi Steel,2021,8,0.065284,11422,0.025736,1598.86,4166.25,7.021,ACTIVE,0.05664
23,Linyi Steel,2021,9,0.063537,10279,0.023161,1369.18,3796.5,7.58,ACTIVE,0.05664
23,Linyi Steel,2021,10,0.077049,12065,0.027185,1231.26,3482.0,6.945,ACTIVE,0.05664
23,Linyi Steel,2021,11,0.080922,12070,0.027196,1128.27,3376.46,11.467,ACTIVE,0.05664
23,Linyi Steel,2021,12,0.078361,11814,0.02662,1090.81,3163.5,13.843,ACTIVE,0.05664
23,Linyi Steel,2022,1,0.066886,10772,0.024272,1127.9,3054.93,14.46,ACTIVE,0.05664
23,Linyi Steel,2022,2,0.058197,9282,0.020914,1296.03,3412.0,6.792,ACTIVE,0.05664
23,Linyi Steel,2022,3,0.049472,8791,0.019808,1432.87,3349.5,5.808,IDLE,0.05664
23,Linyi Steel,2022,4,0.046417,8492,0.019134,1630.34,3769.75,6.201,IDLE,0.05664
23,Linyi Steel,2022,5,0.045557,8239,0.018564,1773.31,4166.84,7.684,IDLE,0.05664
23,Linyi Steel,2022,6,0.043413,7993,0.01801,1807.8,4144.0,9.504,IDLE,0.05664
23,Linyi Steel,2022,8,0.053738,9093,0.020489,1471.52,3723.82,6.728,IDLE,0.05664
23,Linyi Steel,2022,9,0.074467,12052,0.027156,1382.58,3882.5,8.214,ACTIVE,0.05664
23,Linyi Steel,2022,10,0.084117,14201,0.031998,1221.58,3283.21,6.797,ACTIVE,0.05664
23,Linyi Steel,2022,11,0.09035,14639,0.032985,1214.84,3394.0,10.033,ACTIVE,0.05664
23,Linyi Steel,2022,12,0.080514,12802,0.028846,1129.34,3160.5,12.32,ACTIVE,0.05664
23,Linyi Steel,2023,1,0.076147,13022,0.029342,1209.71,3135.0,12.352,ACTIVE,0.05664
23,Linyi Steel,2023,2,0.071168,11825,0.026644,1267.48,3307.25,7.197,ACTIVE,0.05664
23,Linyi Steel,2023,3,0.064585,11686,0.026331,1434.13,3528.25,5.438,ACTIVE,0.05664
23,Linyi Steel,2023,4,0.046264,8506,0.019166,1514.57,3453.93,6.961,IDLE,0.05664
23,Linyi Steel,2023,5,0.059986,11505,0.025923,1599.03,3642.0,6.349,ACTIVE,0.05664
23,Linyi Steel,2023,6,0.062873,11817,0.026626,1815.94,4252.0,9.787,ACTIVE,0.05664
23,Linyi Steel,2023,7,0.049788,9052,0.020396,1686.43,3994.0,12.92,IDLE,0.05664
23,Linyi Steel,2023,8,0.068357,12114,0.027296,1545.7,3882.5,6.667,ACTIVE,0.05664
23,Linyi Steel,2023,9,0.141557,20265,0.045662,1585.64,5812.0,6.185,ACTIVE,0.05664
23,Linyi Steel,2023,10,0.122353,18674,0.042077,1286.07,4194.0,5.905,ACTIVE,0.05664
23,Linyi Steel,2023,11,0.116411,18160,0.040919,1095.7,3291.0,10.073,ACTIVE,0.05664
23,Linyi Steel,2023,12,0.10956,16609,0.037424,1078.82,3236.75,12.911,ACTIVE,0.05664
23,Linyi Steel,2024,1,0.081673,13505,0.03043,1181.41,3128.5,12.24,ACTIVE,0.05664
23,Linyi Steel,2024,2,0.045676,8038,0.018111,764.78,1786.0,11.578,IDLE,0.05664
23,Linyi Steel,2024,3,0.061534,11617,0.026176,1481.79,3406.0,5.748,ACTIVE,0.05664
23,Linyi Steel,2024,4,0.067625,12505,0.028177,1509.58,3587.5,12.735,ACTIVE,0.05664
23,Linyi Steel,2024,5,0.068988,12983,0.029254,1701.43,4053.25,7.042,ACTIVE,0.05664
23,Linyi Steel,2024,6,0.067234,12742,0.028711,1831.82,4318.0,9.575,ACTIVE,0.05664
23,Linyi Steel,2024,7,0.154799,22272,0.050184,1823.07,6508.5,5.314,ACTIVE,0.05664
23,Linyi Steel,2024,8,0.084672,15489,0.0349,2910.38,7375.75,3.823,ACTIVE,0.05664
23,Linyi Steel,2024,9,0.069905,12002,0.027043,1378.18,3520.0,7.255,ACTIVE,0.05664
23,Linyi Steel,2024,10,0.08634,13893,0.031304,1201.06,3353.0,7.341,ACTIVE,0.05664
23,Linyi Steel,2024,11,0.089852,13893,0.031304,1064.14,3048.25,10.694,ACTIVE,0.05664
23,Linyi Steel,2024,12,0.091304,13871,0.031255,1048.74,3070.0,14.255,ACTIVE,0.05664
24,Taiyuan Iron & Steel,2019,1,0.055099,14426,0.031355,1702.59,3045.0,7.578,IDLE,0.05664
24,Taiyuan Iron & Steel,2019,2,1.0,15638,0.033989,45.77,1436.5,11.306,ACTIVE,0.05664
24,Taiyuan Iron & Steel,2019,3,0.054674,13304,0.028916,1851.17,3533.0,8.062,IDLE,0.05664
24,Taiyuan Iron & Steel,2019,4,0.049686,12981,0.028214,2072.13,3642.25,7.21,IDLE,0.05664
24,Taiyuan Iron & Steel,2019,5,0.056502,14526,0.031572,2249.52,4044.5,19.426,IDLE,0.05664
24,Taiyuan Iron & Steel,2019,6,0.062557,14782,0.032129,2363.71,4645.5,15.639,ACTIVE,0.05664
24,Taiyuan Iron & Steel,2019,7,0.060456,14660,0.031863,2080.18,4008.25,14.942,ACTIVE,0.05664
24,Taiyuan Iron & Steel,2019,8,0.073127,17778,0.03864,1986.23,3872.5,10.015,ACTIVE,0.05664
24,Taiyuan Iron & Steel,2019,9,0.07188,17464,0.037958,1756.13,3429.0,7.911,ACTIVE,0.05664
24,Taiyuan Iron & Steel,2019,10,0.062077,14440,0.031385,1513.82,2997.5,11.916,ACTIVE,0.05664
24,Taiyuan Iron & Steel,2019,11,0.057978,14191,0.030844,1739.46,3282.0,10.553,ACTIVE,0.05664
24,Taiyuan Iron & Steel,2019,12,0.063555,13934,0.030285,1541.46,3265.0,8.16,ACTIVE,0.05664
24,Taiyuan Iron & Steel,2020,1,0.058101,12764,0.027742,1520.1,3168.5,8.271,ACTIVE,0.05664
24,Taiyuan Iron & Steel,2020,2,0.973991,14556,0.031637,60.91,2075.0,13.514,ACTIVE,0.05664
24,Taiyuan Iron & Steel,2020,3,0.044052,10646,0.023139,1828.48,3346.5,13.902,IDLE,0.05664
24,Taiyuan Iron & Steel,2020,4,0.05776,15037,0.032683,2130.72,3787.0,18.061,ACTIVE,0.05664
24,Taiyuan Iron & Steel,2020,5,0.051901,13016,0.02829,2146.51,3827.25,19.939,IDLE,0.05664
24,Taiyuan Iron & Steel,2020,6,0.061802,15764,0.034263,2371.11,4253.25,20.099,ACTIVE,0.05664
24,Taiyuan Iron & Steel,2020,7,0.072016,17518,0.038075,2157.24,4154.0,18.896,ACTIVE,0.05664
24,Taiyuan Iron & Steel,2020,8,0.058639,13853,0.030109,1813.66,3488.25,21.274,ACTIVE,0.05664
24,Taiyuan Iron & Steel,2020,9,0.081791,18878,0.041031,1800.83,3708.0,19.559,ACTIVE,0.05664
24,Taiyuan Iron & Steel,2020,10,0.077904,17220,0.037428,1619.48,3454.12,20.84,ACTIVE,0.05664
24,Taiyuan Iron & Steel,2020,11,0.071841,15951,0.034669,1657.46,3521.75,17.124,ACTIVE,0.05664
24,Taiyuan Iron & Steel,2020,12,0.073067,15538,0.033772,1491.07,3320.5,9.254,ACTIVE,0.05664
24,Taiyuan Iron & Steel,2021,1,0.974352,14389,0.031274,61.51,2144.0,15.738,ACTIVE,0.05664
24,Taiyuan Iron & Steel,2021,2,0.069498,16066,0.034919,1732.16,3548.56,6.683,ACTIVE,0.05664
24,Taiyuan Iron & Steel,2021,3,0.046688,12948,0.028142,2022.66,3339.0,12.443,IDLE,0.05664
24,Taiyuan Iron & Steel,2021,4,0.074008,15320,0.033298,2320.31,5812.0,7.848,ACTIVE,0.05664
24,Taiyuan Iron & Steel,2021,5,0.054745,14323,0.031131,2252.5,3895.0,17.956,IDLE,0.05664
24,Taiyuan Iron & Steel,2021,6,0.056787,13684,0.029742,2364.58,4385.5,14.812,ACTIVE,0.05664
24,Taiyuan Iron & Steel,2021,7,0.058687,13787,0.029966,2110.51,4056.0,18.412,ACTIVE,0.05664
24,Taiyuan Iron & Steel,2021,9,0.070848,16644,0.036176,1691.01,3398.0,14.554,ACTIVE,0.05664
24,Taiyuan Iron & Steel,2021,10,0.061871,13293,0.028892,1482.46,3127.5,17.799,ACTIVE,0.05664
24,Taiyuan Iron & Steel,2021,11,0.052202,11643,0.025306,1499.51,3031.03,14.796,IDLE,0.05664
24,Taiyuan Iron & Steel,2021,12,0.058011,12450,0.02706,1474.56,3146.0,9.357,ACTIVE,0.05664
24,Taiyuan Iron & Steel,2022,1,0.060415,13094,0.02846,1496.05,3192.25,7.04,ACTIVE,0.05664
24,Taiyuan Iron & Steel,2022,2,0.046009,10415,0.022637,1672.2,3269.5,7.863,IDLE,0.05664
24,Taiyuan Iron & Steel,2022,4,0.046158,12371,0.026888,2067.54,3503.75,7.613,IDLE,0.05664
24,Taiyuan Iron & Steel,2022,5,0.057385,14542,0.031607,2215.4,4002.0,10.242,ACTIVE,0.05664
24,Taiyuan Iron & Steel,2022,6,0.05792,13785,0.029962,2182.52,4142.75,12.95,ACTIVE,0.05664
24,Taiyuan Iron & Steel,2022,7,0.063617,15506,0.033702,1981.43,3797.0,11.255,ACTIVE,0.05664
24,Taiyuan Iron & Steel,2022,8,0.069274,16716,0.036332,1966.35,3845.0,9.634,ACTIVE,0.05664
24,Taiyuan Iron & Steel,2022,9,0.073742,17018,0.036988,1615.76,3325.5,8.149,ACTIVE,0.05664
24,Taiyuan Iron & Steel,2022,10,0.070089,15990,0.034754,1563.15,3240.0,7.109,ACTIVE,0.05664
24,Taiyuan Iron & Steel,2022,11,0.055955,12608,0.027403,1467.29,2973.0,8.035,IDLE,0.05664
24,Taiyuan Iron & Steel,2022,12,0.063905,13204,0.028699,1405.32,3147.5,7.315,ACTIVE,0.05664
24,Taiyuan Iron & Steel,2023,1,0.061168,13359,0.029036,1473.38,3121.0,7.066,ACTIVE,0.05664
24,Taiyuan Iron & Steel,2023,2,0.044123,9849,0.021407,1410.93,2790.5,8.484,IDLE,0.05664
24,Taiyuan Iron & Steel,2023,3,0.043895,10351,0.022498,1641.49,3102.25,7.066,IDLE,0.05664
24,Taiyuan Iron & Steel,2023,4,0.051761,13053,0.028371,2011.91,3652.5,9.16,IDLE,0.05664
24,Taiyuan Iron & Steel,2023,5,0.052165,14471,0.031453,2166.49,3593.87,9.512,IDLE,0.05664
24,Taiyuan Iron & Steel,2023,6,0.062541,14918,0.032424,2130.11,4105.5,17.707,ACTIVE,0.05664
24,Taiyuan Iron & Steel,2023,7,0.058458,13924,0.030264,1957.16,3735.25,20.868,ACTIVE,0.05664
24,Taiyuan Iron & Steel,2023,8,0.065493,15275,0.0332,1671.5,3331.78,10.438,ACTIVE,0.05664
24,Taiyuan Iron & Steel,2023,9,0.075296,17559,0.038164,1672.27,3420.5,8.43,ACTIVE,0.05664
24,Taiyuan Iron & Steel,2023,10,0.070577,15285,0.033222,1439.24,3116.75,8.878,ACTIVE,0.05664
24,Taiyuan Iron & Steel,2023,11,0.060379,13279,0.028862,1461.38,3066.5,7.728,ACTIVE,0.05664
24,Taiyuan Iron & Steel,2023,12,0.080129,15737,0.034204,939.63,2260.0,7.534,ACTIVE,0.05664
24,Taiyuan Iron & Steel,2024,1,0.06559,13696,0.029768,1250.43,2767.5,7.031,ACTIVE,0.05664
24,Taiyuan Iron & Steel,2024,2,0.051346,11266,0.024487,1485.9,3050.0,8.52,IDLE,0.05664
24,Taiyuan Iron & Steel,2024,3,0.041207,11186,0.024313,1901.94,3166.0,10.726,IDLE,0.05664
24,Taiyuan Iron & Steel,2024,4,0.048121,12568,0.027316,1856.06,3247.0,7.872,IDLE,0.05664
24,Taiyuan Iron & Steel,2024,5,0.059652,14916,0.03242,2040.52,3764.5,10.247,ACTIVE,0.05664
24,Taiyuan Iron & Steel,2024,6,0.055179,14359,0.031209,2069.67,3630.0,17.267,IDLE,0.05664
24,Taiyuan Iron & Steel,2024,7,0.059514,14339,0.031166,2023.35,3818.5,13.217,ACTIVE,0.05664
24,Taiyuan Iron & Steel,2024,8,0.065389,15625,0.033961,1784.39,3465.0,9.644,ACTIVE,0.05664
24,Taiyuan Iron & Steel,2024,9,0.075542,16649,0.036186,1530.26,3278.0,10.245,ACTIVE,0.05664
24,Taiyuan Iron & Steel,2024,10,0.067691,15296,0.033246,1433.92,2946.0,8.554,ACTIVE,0.05664
24,Taiyuan Iron & Steel,2024,11,0.06199,13673,0.029718,1366.42,2852.5,8.663,ACTIVE,0.05664
24,Taiyuan Iron & Steel,2024,12,0.066257,13459,0.029253,1367.31,3110.0,7.381,ACTIVE,0.05664
25,Yangquan Coal & Iron,2019,1,0.057688,14400,0.03135,1570.37,2950.0,6.351,ACTIVE,0.05664
25,Yangquan Coal & Iron,2019,2,0.056363,15273,0.033251,1684.49,2916.5,6.717,IDLE,0.05664
25,Yangquan Coal & Iron,2019,3,0.047695,13243,0.028831,1816.97,3029.0,8.104,IDLE,0.05664
25,Yangquan Coal & Iron,2019,4,0.049442,14308,0.03115,2089.82,3325.75,10.965,IDLE,0.05664
25,Yangquan Coal & Iron,2019,5,0.056655,15754,0.034298,2264.8,3822.5,7.59,ACTIVE,0.05664
25,Yangquan Coal & Iron,2019,6,0.064757,15313,0.033338,2354.95,4692.0,13.827,ACTIVE,0.05664
25,Yangquan Coal & Iron,2019,7,0.065221,14156,0.030819,2037.58,4278.5,19.068,ACTIVE,0.05664
25,Yangquan Coal & Iron,2019,8,0.066892,17377,0.037832,1890.59,3481.5,9.848,ACTIVE,0.05664
25,Yangquan Coal & Iron,2019,9,0.077372,18646,0.040594,1697.2,3450.25,11.686,ACTIVE,0.05664
25,Yangquan Coal & Iron,2019,10,0.071455,17386,0.037851,1529.67,3062.75,8.965,ACTIVE,0.05664
25,Yangquan Coal & Iron,2019,11,0.066035,15364,0.033449,1547.97,3142.5,7.694,ACTIVE,0.05664
25,Yangquan Coal & Iron,2019,12,0.067694,15224,0.033144,1501.88,3162.5,15.195,ACTIVE,0.05664
25,Yangquan Coal & Iron,2020,1,0.063634,14985,0.032624,1408.93,2804.5,7.092,ACTIVE,0.05664
25,Yangquan Coal & Iron,2020,2,0.055015,13757,0.02995,1594.38,2963.38,6.281,IDLE,0.05664
25,Yangquan Coal & Iron,2020,3,0.05234,14201,0.030917,1826.86,3147.0,23.845,IDLE,0.05664
25,Yangquan Coal & Iron,2020,4,0.054626,15224,0.033144,2030.55,3416.25,8.109,IDLE,0.05664
25,Yangquan Coal & Iron,2020,5,0.046391,12951,0.028196,2202.79,3598.5,8.328,IDLE,0.05664
25,Yangquan Coal & Iron,2020,7,0.066575,16431,0.035772,2106.5,4015.75,11.47,ACTIVE,0.05664
25,Yangquan Coal & Iron,2020,8,0.054325,14594,0.031773,1762.4,3039.75,10.31,IDLE,0.05664
25,Yangquan Coal & Iron,2020,9,0.06667,16637,0.03622,1707.52,3255.0,7.447,ACTIVE,0.05664
25,Yangquan Coal & Iron,2020,10,0.071981,17190,0.037424,1513.81,3050.75,14.59,ACTIVE,0.05664
25,Yangquan Coal & Iron,2020,11,0.060916,14685,0.031971,1578.79,3086.25,6.084,ACTIVE,0.05664
25,Yangquan Coal & Iron,2020,12,0.056739,12689,0.027625,1408.12,2881.38,8.021,ACTIVE,0.05664
25,Yangquan Coal & Iron,2021,1,0.055969,14057,0.030604,1683.42,3130.5,7.464,IDLE,0.05664
25,Yangquan Coal & Iron,2021,2,0.053031,13598,0.029604,1720.22,3131.5,6.184,IDLE,0.05664
25,Yangquan Coal & Iron,2021,3,0.039178,11292,0.024584,1837.33,2876.5,8.161,IDLE,0.05664
25,Yangquan Coal & Iron,2021,4,0.047646,14003,0.030486,2057.12,3242.0,6.746,IDLE,0.05664
25,Yangquan Coal & Iron,2021,5,0.059579,15092,0.032857,2219.19,4028.5,15.761,ACTIVE,0.05664
25,Yangquan Coal & Iron,2021,6,0.072751,13278,0.028908,2306.61,5655.5,12.944,ACTIVE,0.05664
25,Yangquan Coal & Iron,2021,7,0.08769,14820,0.032265,2209.93,6100.12,12.552,ACTIVE,0.05664
25,Yangquan Coal & Iron,2021,8,0.057977,15847,0.034501,1988.66,3400.0,9.406,ACTIVE,0.05664
25,Yangquan Coal & Iron,2021,9,0.061694,15312,0.033336,1635.83,3076.06,19.645,ACTIVE,0.05664
25,Yangquan Coal & Iron,2021,10,0.062879,14719,0.032045,1478.66,2956.0,16.289,ACTIVE,0.05664
25,Yangquan Coal & Iron,2021,11,0.050216,11967,0.026053,1537.75,2947.75,8.928,IDLE,0.05664
25,Yangquan Coal & Iron,2021,12,0.05594,12542,0.027305,1469.22,3001.5,8.369,IDLE,0.05664
25,Yangquan Coal & Iron,2022,1,0.053259,12924,0.028137,1437.78,2717.0,7.322,IDLE,0.05664
25,Yangquan Coal & Iron,2022,2,0.041856,10542,0.022951,1602.49,2864.5,9.881,IDLE,0.05664
25,Yangquan Coal & Iron,2022,3,0.041421,11216,0.024418,1875.12,3150.0,10.697,IDLE,0.05664
25,Yangquan Coal & Iron,2022,4,0.043211,12058,0.026252,2047.16,3292.0,16.383,IDLE,0.05664
25,Yangquan Coal & Iron,2022,5,0.052037,13265,0.028879,2194.75,3910.25,11.197,IDLE,0.05664
25,Yangquan Coal & Iron,2022,6,0.080841,14528,0.031629,2337.29,6157.5,13.331,ACTIVE,0.05664
25,Yangquan Coal & Iron,2022,7,0.06807,15628,0.034024,2037.73,4180.5,13.396,ACTIVE,0.05664
25,Yangquan Coal & Iron,2022,8,0.055977,15075,0.03282,1803.8,3135.0,7.237,IDLE,0.05664
25,Yangquan Coal & Iron,2022,9,0.06781,16976,0.036959,1660.57,3122.62,11.688,ACTIVE,0.05664
25,Yangquan Coal & Iron,2022,10,0.062777,15357,0.033434,1524.57,2925.5,7.197,ACTIVE,0.05664
25,Yangquan Coal & Iron,2022,11,0.049704,11770,0.025625,1463.3,2800.0,7.556,IDLE,0.05664
25,Yangquan Coal & Iron,2022,12,0.056793,12678,0.027601,1414.27,2895.75,14.227,ACTIVE,0.05664
25,Yangquan Coal & Iron,2023,1,0.051203,12088,0.026317,1435.37,2748.44,16.554,IDLE,0.05664
25,Yangquan Coal & Iron,2023,2,0.037646,9771,0.021272,1529.11,2609.75,7.893,IDLE,0.05664
25,Yangquan Coal & Iron,2023,3,0.038154,10422,0.02269,1807.53,2964.25,6.298,IDLE,0.05664
25,Yangquan Coal & Iron,2023,4,0.048602,10910,0.023752,2022.23,3805.5,19.705,IDLE,0.05664
25,Yangquan Coal & Iron,2023,5,0.046324,13229,0.028801,2122.91,3383.25,9.478,IDLE,0.05664
25,Yangquan Coal & Iron,2023,6,0.063239,15027,0.032715,2161.04,4239.0,12.021,ACTIVE,0.05664
25,Yangquan Coal & Iron,2023,7,0.057656,15728,0.034241,2089.2,3557.25,15.753,ACTIVE,0.05664
25,Yangquan Coal & Iron,2023,8,0.060205,14565,0.03171,1723.16,3228.0,24.809,ACTIVE,0.05664
25,Yangquan Coal & Iron,2023,9,0.063664,16127,0.03511,1650.24,3038.62,12.472,ACTIVE,0.05664
25,Yangquan Coal & Iron,2023,10,0.066017,15669,0.034113,1470.38,2907.5,11.401,ACTIVE,0.05664
25,Yangquan Coal & Iron,2023,11,0.051551,12124,0.026395,1481.7,2859.94,9.25,IDLE,0.05664
25,Yangquan Coal & Iron,2023,12,0.052213,11849,0.025796,1252.99,2503.0,8.131,IDLE,0.05664
25,Yangquan Coal & Iron,2024,1,0.05649,12444,0.027092,1354.14,2785.5,7.332,IDLE,0.05664
25,Yangquan Coal & Iron,2024,2,0.04711,11437,0.0249,1521.5,2821.25,6.997,IDLE,0.05664
25,Yangquan Coal & Iron,2024,3,0.038472,10420,0.022685,1807.0,3008.0,8.548,IDLE,0.05664
25,Yangquan Coal & Iron,2024,4,0.039655,11051,0.024059,1995.52,3216.0,16.459,IDLE,0.05664
25,Yangquan Coal & Iron,2024,5,0.052043,14500,0.031568,2015.97,3315.5,10.432,IDLE,0.05664
25,Yangquan Coal & Iron,2024,6,0.059526,15553,0.03386,2123.19,3750.75,23.819,ACTIVE,0.05664
25,Yangquan Coal & Iron,2024,7,0.062952,15643,0.034056,1960.56,3621.0,21.638,ACTIVE,0.05664
25,Yangquan Coal & Iron,2024,8,0.059281,15158,0.033001,1680.81,3055.0,16.929,ACTIVE,0.05664
25,Yangquan Coal & Iron,2024,9,0.06355,15380,0.033484,1570.49,3010.25,23.722,ACTIVE,0.05664
25,Yangquan Coal & Iron,2024,10,0.062173,14928,0.0325,1428.51,2771.0,17.067,ACTIVE,0.05664
25,Yangquan Coal & Iron,2024,11,0.05221,12117,0.02638,1395.01,2720.5,8.455,IDLE,0.05664
25,Yangquan Coal & Iron,2024,12,0.058851,12837,0.027947,1422.29,2986.38,9.401,ACTIVE,0.05664
26,Jiu Steel,2019,1,0.081967,17432,0.036873,1100.03,2593.25,14.11,ACTIVE,0.05664
26,Jiu Steel,2019,2,0.057062,14050,0.02972,1680.1,3267.0,9.51,ACTIVE,0.05664
26,Jiu Steel,2019,4,0.047933,12362,0.026149,2352.17,4336.25,10.766,IDLE,0.05664
26,Jiu Steel,2019,5,0.054331,13402,0.028349,2499.5,4867.49,11.915,IDLE,0.05664
26,Jiu Steel,2019,6,0.099132,25900,0.054786,3094.55,5829.5,6.374,ACTIVE,0.05664
26,Jiu Steel,2019,7,0.072311,15475,0.032734,2152.43,4945.0,16.901,ACTIVE,0.05664
26,Jiu Steel,2019,8,0.072942,16691,0.035306,2015.32,4433.0,9.268,ACTIVE,0.05664
26,Jiu Steel,2019,9,0.076651,17902,0.037868,1869.44,4008.25,8.399,ACTIVE,0.05664
26,Jiu Steel,2019,10,0.065853,15804,0.03343,1821.92,3726.24,7.629,ACTIVE,0.05664
26,Jiu Steel,2019,11,0.062879,15026,0.031784,1808.11,3627.5,7.996,ACTIVE,0.05664
26,Jiu Steel,2019,12,0.059322,13800,0.029191,1697.84,3444.75,9.006,ACTIVE,0.05664
26,Jiu Steel,2020,1,0.056761,13768,0.029123,1774.72,3451.5,10.71,ACTIVE,0.05664
26,Jiu Steel,2020,2,0.048893,12952,0.027397,2026.05,3600.25,6.694,IDLE,0.05664
26,Jiu Steel,2020,4,0.044392,13277,0.028084,2358.68,3752.25,6.22,IDLE,0.05664
26,Jiu Steel,2020,6,0.063367,14023,0.029662,2335.09,5039.75,13.533,ACTIVE,0.05664
26,Jiu Steel,2020,7,0.061554,13739,0.029062,2293.31,4932.5,14.991,ACTIVE,0.05664
26,Jiu Steel,2020,8,0.060211,14455,0.030576,2098.76,4298.87,8.429,ACTIVE,0.05664
26,Jiu Steel,2020,9,0.062107,14717,0.03113,1987.26,4076.5,9.95,ACTIVE,0.05664
26,Jiu Steel,2020,10,0.059381,15105,0.031951,1923.22,3648.0,10.479,ACTIVE,0.05664
26,Jiu Steel,2020,11,0.060496,14599,0.030881,1885.49,3725.0,7.136,ACTIVE,0.05664
26,Jiu Steel,2020,12,0.062147,14082,0.029787,964.93,2022.0,15.619,ACTIVE,0.05664
26,Jiu Steel,2021,1,0.072688,15876,0.033582,1440.33,3243.5,13.229,ACTIVE,0.05664
26,Jiu Steel,2021,2,0.045887,11908,0.025189,1960.72,3551.75,9.759,IDLE,0.05664
26,Jiu Steel,2021,4,0.594451,35817,0.075763,464.21,4740.0,6.639,ACTIVE,0.05664
26,Jiu Steel,2021,5,0.055534,13247,0.028021,2440.57,4882.75,13.91,IDLE,0.05664
26,Jiu Steel,2021,7,0.064684,13505,0.028567,2332.89,5279.5,14.065,ACTIVE,0.05664
26,Jiu Steel,2021,8,0.063844,15588,0.032973,2206.14,4430.25,8.318,ACTIVE,0.05664
26,Jiu Steel,2021,9,0.067573,16352,0.034589,1993.19,4019.73,8.503,ACTIVE,0.05664
26,Jiu Steel,2021,10,0.070262,17126,0.036226,1954.61,3890.0,12.298,ACTIVE,0.05664
26,Jiu Steel,2021,11,0.056171,13358,0.028256,1755.83,3517.25,9.186,IDLE,0.05664
26,Jiu Steel,2021,12,0.057847,14064,0.029749,1784.13,3482.0,7.758,ACTIVE,0.05664
26,Jiu Steel,2022,1,0.055122,13352,0.028243,1776.43,3459.5,7.421,IDLE,0.05664
26,Jiu Steel,2022,2,0.051574,13047,0.027598,1758.21,3261.0,9.474,IDLE,0.05664
26,Jiu Steel,2022,3,0.051571,14183,0.030001,2149.76,3728.24,8.295,IDLE,0.05664
26,Jiu Steel,2022,4,0.041528,11529,0.024387,2402.79,4061.0,7.255,IDLE,0.05664
26,Jiu Steel,2022,5,0.051818,13040,0.027583,2433.8,4633.5,10.34,IDLE,0.05664
26,Jiu Steel,2022,6,0.061285,12996,0.02749,2499.69,5437.0,13.675,ACTIVE,0.05664
26,Jiu Steel,2022,7,0.060491,13257,0.028042,2359.04,5071.0,12.797,ACTIVE,0.05664
26,Jiu Steel,2022,8,0.066294,15086,0.031911,2202.55,4752.5,8.273,ACTIVE,0.05664
26,Jiu Steel,2022,9,0.066524,16160,0.034183,2025.54,4068.5,8.641,ACTIVE,0.05664
26,Jiu Steel,2022,10,0.064977,15981,0.033804,1955.06,3789.0,15.44,ACTIVE,0.05664
26,Jiu Steel,2022,11,0.05948,14350,0.030354,1919.66,3729.0,17.92,ACTIVE,0.05664
26,Jiu Steel,2022,12,0.05393,12951,0.027395,1598.19,3118.5,8.113,IDLE,0.05664
26,Jiu Steel,2023,1,0.052531,13339,0.028216,1822.89,3355.5,6.872,IDLE,0.05664
26,Jiu Steel,2023,2,0.045511,14523,0.03072,2255.02,3361.5,6.772,IDLE,0.05664
26,Jiu Steel,2023,3,0.043434,12132,0.025663,2247.03,3776.75,6.927,IDLE,0.05664
26,Jiu Steel,2023,4,0.045031,12154,0.025709,2396.01,4200.99,8.494,IDLE,0.05664
26,Jiu Steel,2023,5,0.049558,12834,0.027147,2514.68,4606.75,11.099,IDLE,0.05664
26,Jiu Steel,2023,11,0.056039,14089,0.029802,1918.48,3631.0,8.589,IDLE,0.05664
26,Jiu Steel,2023,12,0.063359,15032,0.031797,1597.33,3208.0,9.148,ACTIVE,0.05664
26,Jiu Steel,2024,1,0.050293,12719,0.026904,1871.07,3478.5,8.101,IDLE,0.05664
26,Jiu Steel,2024,2,0.048745,12524,0.026492,1824.74,3333.0,11.253,IDLE,0.05664
26,Jiu Steel,2024,3,0.017885,3404,0.0072,1653.62,3605.5,5.236,IDLE,0.05664
26,Jiu Steel,2024,4,0.054807,15076,0.03189,2371.69,4178.0,7.433,IDLE,0.05664
26,Jiu Steel,2024,5,0.049048,12630,0.026716,2455.75,4533.5,16.58,IDLE,0.05664
26,Jiu Steel,2024,6,0.058009,12954,0.027401,2431.45,5140.5,13.049,ACTIVE,0.05664
26,Jiu Steel,2024,7,0.061959,14264,0.030172,2335.12,4903.24,16.079,ACTIVE,0.05664
26,Jiu Steel,2024,8,0.070563,16791,0.035518,2223.74,4593.0,9.94,ACTIVE,0.05664
26,Jiu Steel,2024,9,0.07206,17729,0.037502,2012.29,3997.0,10.985,ACTIVE,0.05664
26,Jiu Steel,2024,10,0.071407,17517,0.037053,1924.91,3796.5,14.935,ACTIVE,0.05664
26,Jiu Steel,2024,11,0.065669,16152,0.034166,1884.21,3691.0,7.742,ACTIVE,0.05664
26,Jiu Steel,2024,12,0.042457,7598,0.016072,1193.91,2976.5,6.646,IDLE,0.05664
27,Baotou Steel,2019,1,0.032101,8380,0.017554,1865.3,3282.5,5.131,IDLE,0.05664
27,Baotou Steel,2019,2,0.031127,8650,0.01812,1948.24,3213.0,5.341,IDLE,0.05664
27,Baotou Steel,2019,3,0.041809,11142,0.02334,2059.88,3616.0,7.352,IDLE,0.05664
27,Baotou Steel,2019,4,0.045002,12712,0.026628,2267.83,3806.61,9.223,IDLE,0.05664
27,Baotou Steel,2019,5,0.058733,16125,0.033778,2433.43,4394.5,7.672,ACTIVE,0.05664
27,Baotou Steel,2019,6,0.065253,17275,0.036187,2473.97,4700.0,8.16,ACTIVE,0.05664
27,Baotou Steel,2019,7,0.080182,17428,0.036507,2302.22,5384.0,12.023,ACTIVE,0.05664
27,Baotou Steel,2019,8,0.072002,17731,0.037142,2070.57,4223.79,9.657,ACTIVE,0.05664
27,Baotou Steel,2019,9,0.063077,16217,0.03397,1956.56,3774.25,6.711,ACTIVE,0.05664
27,Baotou Steel,2019,10,0.04259,11035,0.023115,1915.19,3460.5,5.791,IDLE,0.05664
27,Baotou Steel,2019,11,0.045847,11220,0.023503,1709.01,3266.5,6.553,IDLE,0.05664
27,Baotou Steel,2019,12,0.072348,15458,0.032381,1044.18,2398.75,14.968,ACTIVE,0.05664
27,Baotou Steel,2020,1,0.061693,14054,0.029439,988.42,2078.75,12.973,ACTIVE,0.05664
27,Baotou Steel,2020,2,0.031493,8028,0.016817,1620.21,2863.5,7.409,IDLE,0.05664
27,Baotou Steel,2020,3,0.032687,9101,0.019064,1985.12,3264.0,6.348,IDLE,0.05664
27,Baotou Steel,2020,4,0.049138,13469,0.028214,2237.46,3900.0,10.18,IDLE,0.05664
27,Baotou Steel,2020,5,0.066872,15635,0.032751,2373.38,4948.5,13.084,ACTIVE,0.05664
27,Baotou Steel,2020,6,0.067578,15892,0.03329,2456.96,5121.0,13.978,ACTIVE,0.05664
27,Baotou Steel,2020,7,0.087664,19092,0.039993,2284.75,5475.5,12.351,ACTIVE,0.05664
27,Baotou Steel,2020,8,0.081808,18538,0.038832,1863.94,4176.25,9.995,ACTIVE,0.05664
27,Baotou Steel,2020,9,0.06835,16953,0.035512,1832.37,3693.0,7.052,ACTIVE,0.05664
27,Baotou Steel,2020,10,0.041994,10694,0.022401,1857.94,3390.65,5.925,IDLE,0.05664
27,Baotou Steel,2020,11,0.030976,7820,0.016381,1862.66,3324.0,5.492,IDLE,0.05664
27,Baotou Steel,2020,12,0.033488,8181,0.017137,1734.3,3200.5,7.868,IDLE,0.05664
27,Baotou Steel,2021,1,0.028853,7567,0.015851,1879.25,3241.86,6.871,IDLE,0.05664
27,Baotou Steel,2021,2,0.027498,7176,0.015032,1919.78,3315.5,5.05,IDLE,0.05664
27,Baotou Steel,2021,3,0.028962,8116,0.017001,2075.4,3347.75,9.673,IDLE,0.05664
27,Baotou Steel,2021,4,0.037524,11201,0.023463,2448.41,3874.5,6.367,IDLE,0.05664
27,Baotou Steel,2021,5,0.061065,15364,0.032184,2439.1,4713.5,14.426,ACTIVE,0.05664
27,Baotou Steel,2021,6,0.075132,16836,0.035267,2419.04,5439.0,15.055,ACTIVE,0.05664
27,Baotou Steel,2021,7,0.075139,17347,0.036337,2327.53,5082.4,12.529,ACTIVE,0.05664
27,Baotou Steel,2021,8,0.063833,16523,0.034611,2104.73,4032.5,7.014,ACTIVE,0.05664
27,Baotou Steel,2021,9,0.05215,13560,0.028405,1939.99,3577.75,6.287,IDLE,0.05664
27,Baotou Steel,2021,10,0.037469,9502,0.019904,1873.78,3392.19,5.871,IDLE,0.05664
27,Baotou Steel,2021,11,0.029572,7470,0.015648,1827.2,3235.0,6.095,IDLE,0.05664
27,Baotou Steel,2021,12,0.044455,10229,0.021427,1521.61,2956.33,8.526,IDLE,0.05664
27,Baotou Steel,2022,1,0.03728,9244,0.019364,1666.39,3108.0,5.053,IDLE,0.05664
27,Baotou Steel,2022,2,0.033295,8918,0.018681,1800.47,3092.75,5.547,IDLE,0.05664
27,Baotou Steel,2022,3,0.02932,4276,0.008957,1155.53,3259.29,12.777,IDLE,0.05664
27,Baotou Steel,2022,4,0.039291,11355,0.023786,2328.55,3759.08,6.713,IDLE,0.05664
27,Baotou Steel,2022,5,0.05966,14873,0.031155,2494.82,4852.5,12.765,ACTIVE,0.05664
27,Baotou Steel,2022,6,0.077096,17004,0.035619,2516.57,5794.75,13.105,ACTIVE,0.05664
27,Baotou Steel,2022,7,0.070718,16425,0.034406,2338.49,5034.5,14.611,ACTIVE,0.05664
27,Baotou Steel,2022,8,0.067817,17306,0.036252,2062.2,4035.25,9.836,ACTIVE,0.05664
27,Baotou Steel,2022,9,0.055064,14190,0.029724,1893.48,3530.5,6.216,IDLE,0.05664
27,Baotou Steel,2022,10,0.034694,8798,0.01843,1882.92,3383.0,9.172,IDLE,0.05664
27,Baotou Steel,2022,11,0.035011,8468,0.017738,1743.7,3219.5,12.272,IDLE,0.05664
27,Baotou Steel,2022,12,0.02438,6065,0.012705,1823.34,3252.25,5.107,IDLE,0.05664
27,Baotou Steel,2023,1,0.026014,6678,0.013989,1868.73,3246.0,8.092,IDLE,0.05664
27,Baotou Steel,2023,2,0.024614,6290,0.013176,1824.37,3134.5,5.754,IDLE,0.05664
27,Baotou Steel,2023,3,0.028237,7760,0.016255,2087.87,3449.0,5.926,IDLE,0.05664
27,Baotou Steel,2023,4,0.035045,10204,0.021375,2342.69,3742.25,5.836,IDLE,0.05664
27,Baotou Steel,2023,5,0.046434,13061,0.027359,2505.11,4228.5,6.851,IDLE,0.05664
27,Baotou Steel,2023,6,0.062371,14640,0.030667,2521.71,5123.0,13.793,ACTIVE,0.05664
27,Baotou Steel,2023,7,0.078681,17221,0.036074,2281.4,5273.0,14.567,ACTIVE,0.05664
27,Baotou Steel,2023,8,0.061804,15551,0.032575,2093.11,4091.0,7.841,ACTIVE,0.05664
27,Baotou Steel,2023,9,0.052522,13292,0.027843,1906.67,3607.5,7.331,IDLE,0.05664
27,Baotou Steel,2023,10,0.032353,8207,0.017192,1806.82,3219.5,5.734,IDLE,0.05664
27,Baotou Steel,2023,11,0.024349,6178,0.012941,1848.03,3220.5,5.368,IDLE,0.05664
27,Baotou Steel,2023,12,0.043845,10713,0.022441,1487.67,2831.5,7.002,IDLE,0.05664
27,Baotou Steel,2024,1,0.050385,11284,0.023637,1375.57,2759.25,15.423,IDLE,0.05664
27,Baotou Steel,2024,2,0.056927,14036,0.029402,1400.69,2740.25,8.646,ACTIVE,0.05664
27,Baotou Steel,2024,3,0.026214,7591,0.015901,2141.97,3341.5,6.147,IDLE,0.05664
27,Baotou Steel,2024,4,0.036667,10487,0.021968,2265.96,3660.0,8.298,IDLE,0.05664
27,Baotou Steel,2024,5,0.041004,11600,0.024299,2450.43,4059.0,9.44,IDLE,0.05664
27,Baotou Steel,2024,6,0.057103,15220,0.031882,2434.74,4495.0,9.467,ACTIVE,0.05664
27,Baotou Steel,2024,7,0.057538,15218,0.031878,2260.41,4170.75,9.802,ACTIVE,0.05664
27,Baotou Steel,2024,8,0.058898,15036,0.031497,2049.14,3904.86,7.723,ACTIVE,0.05664
27,Baotou Steel,2024,9,0.06112,14623,0.030631,1796.91,3612.0,9.953,ACTIVE,0.05664
27,Baotou Steel,2024,10,0.044441,10919,0.022872,1693.32,3192.0,7.133,IDLE,0.05664
27,Baotou Steel,2024,11,0.028935,7124,0.014923,1712.0,3065.0,6.274,IDLE,0.05664
27,Baotou Steel,2024,12,0.033754,7896,0.01654,1673.5,3166.5,9.26,IDLE,0.05664
28,Chengde Jianlong,2019,1,0.041494,9010,0.018748,1550.02,3208.77,13.839,IDLE,0.05664
28,Chengde Jianlong,2019,2,0.021296,5878,0.012231,1784.78,2836.0,8.511,IDLE,0.05664
28,Chengde Jianlong,2019,3,0.021235,5450,0.01134,1823.85,3006.25,12.892,IDLE,0.05664
28,Chengde Jianlong,2019,4,0.021043,5761,0.011987,1944.45,3060.5,7.299,IDLE,0.05664
28,Chengde Jianlong,2019,5,0.056815,15998,0.033288,1988.31,3387.52,9.773,ACTIVE,0.05664
28,Chengde Jianlong,2019,6,0.062287,16310,0.033937,1832.26,3417.0,15.086,ACTIVE,0.05664
28,Chengde Jianlong,2019,7,0.065103,17095,0.035571,1683.1,3164.25,10.534,ACTIVE,0.05664
28,Chengde Jianlong,2019,8,0.069062,17569,0.036557,1528.32,2961.5,13.203,ACTIVE,0.05664
28,Chengde Jianlong,2019,9,0.051259,13353,0.027785,1545.97,2785.82,13.719,IDLE,0.05664
28,Chengde Jianlong,2019,10,0.029618,7813,0.016257,1642.19,2723.0,10.639,IDLE,0.05664
28,Chengde Jianlong,2019,11,0.027417,6735,0.014014,1423.58,2499.05,10.863,IDLE,0.05664
28,Chengde Jianlong,2019,12,0.031774,7187,0.014955,1415.72,2765.5,11.913,IDLE,0.05664
28,Chengde Jianlong,2020,1,0.048965,10963,0.022811,1312.92,2703.25,15.512,IDLE,0.05664
28,Chengde Jianlong,2020,2,0.040789,10637,0.022133,1412.27,2472.02,13.211,IDLE,0.05664
28,Chengde Jianlong,2020,3,0.023322,6491,0.013506,1866.13,2888.75,9.455,IDLE,0.05664
28,Chengde Jianlong,2020,4,0.031123,8717,0.018138,1945.62,3102.5,9.5,IDLE,0.05664
28,Chengde Jianlong,2020,5,0.060075,17031,0.035438,1927.51,3284.62,7.935,ACTIVE,0.05664
28,Chengde Jianlong,2020,6,0.076016,21040,0.043779,1759.15,3174.5,9.951,ACTIVE,0.05664
28,Chengde Jianlong,2020,7,0.137909,29443,0.061264,1838.3,4648.25,6.027,ACTIVE,0.05664
28,Chengde Jianlong,2020,8,0.071053,18428,0.038344,1534.21,2941.0,21.862,ACTIVE,0.05664
28,Chengde Jianlong,2020,9,0.059136,15495,0.032242,1428.09,2633.75,11.04,ACTIVE,0.05664
28,Chengde Jianlong,2020,10,0.032836,8869,0.018454,1689.6,2810.5,20.874,IDLE,0.05664
28,Chengde Jianlong,2020,11,0.032705,7375,0.015346,1377.5,2686.5,12.024,IDLE,0.05664
28,Chengde Jianlong,2020,12,0.03819,8929,0.018579,1474.0,2858.5,12.71,IDLE,0.05664
28,Chengde Jianlong,2021,1,0.040181,10252,0.021332,1641.45,2968.5,12.239,IDLE,0.05664
28,Chengde Jianlong,2021,2,0.028944,7015,0.014597,1648.31,2991.3,12.713,IDLE,0.05664
28,Chengde Jianlong,2021,3,0.003613,964,0.002006,4282.41,7106.0,2.447,IDLE,0.05664
28,Chengde Jianlong,2021,4,0.02727,7876,0.016388,2017.84,3081.75,14.214,IDLE,0.05664
28,Chengde Jianlong,2021,10,0.028947,7547,0.015704,1479.5,2504.25,9.834,IDLE,0.05664
28,Chengde Jianlong,2021,11,0.031289,7584,0.015781,1492.09,2751.5,7.321,IDLE,0.05664
28,Chengde Jianlong,2021,12,0.036459,8891,0.0185,1527.94,2838.5,7.437,IDLE,0.05664
28,Chengde Jianlong,2022,1,0.039193,8720,0.018144,1486.29,2997.5,13.242,IDLE,0.05664
28,Chengde Jianlong,2022,2,0.030782,7346,0.015285,1595.02,2935.5,14.883,IDLE,0.05664
28,Chengde Jianlong,2022,3,0.021968,6012,0.01251,1890.2,2965.5,10.233,IDLE,0.05664
28,Chengde Jianlong,2022,4,0.022854,6681,0.013902,1963.17,2961.0,8.485,IDLE,0.05664
28,Chengde Jianlong,2022,5,0.059455,16880,0.035123,1816.15,3084.0,11.937,ACTIVE,0.05664
28,Chengde Jianlong,2022,6,0.066689,17367,0.036137,1577.28,3012.5,11.695,ACTIVE,0.05664
28,Chengde Jianlong,2022,7,0.125105,28146,0.058565,1719.26,4038.0,5.48,ACTIVE,0.05664
28,Chengde Jianlong,2022,8,0.092238,21009,0.043715,1513.02,3498.5,9.063,ACTIVE,0.05664
28,Chengde Jianlong,2022,9,0.049946,13213,0.027493,1464.88,2636.0,13.101,IDLE,0.05664
28,Chengde Jianlong,2022,10,0.036154,9259,0.019266,1628.91,2934.0,7.691,IDLE,0.05664
28,Chengde Jianlong,2022,11,0.030626,7658,0.015935,1577.22,2821.0,10.3,IDLE,0.05664
28,Chengde Jianlong,2022,12,0.044892,9506,0.01978,1487.18,3185.5,9.721,IDLE,0.05664
28,Chengde Jianlong,2023,1,0.036285,8400,0.017478,1499.08,2913.0,11.037,IDLE,0.05664
28,Chengde Jianlong,2023,2,0.019572,4973,0.010348,1497.71,2628.0,6.876,IDLE,0.05664
28,Chengde Jianlong,2023,3,0.021753,6020,0.012526,1909.22,2928.5,9.074,IDLE,0.05664
28,Chengde Jianlong,2023,4,0.022472,6549,0.013627,2081.56,3144.0,7.079,IDLE,0.05664
28,Chengde Jianlong,2023,5,0.052309,15313,0.031863,1923.03,3145.5,9.618,IDLE,0.05664
28,Chengde Jianlong,2023,6,0.055668,14769,0.030731,2057.91,3787.5,9.002,IDLE,0.05664
28,Chengde Jianlong,2023,7,0.051348,14111,0.029362,1699.52,2965.75,9.978,IDLE,0.05664
28,Chengde Jianlong,2023,8,0.047744,13079,0.027214,1567.87,2694.5,11.743,IDLE,0.05664
28,Chengde Jianlong,2023,9,0.047781,12909,0.026861,1549.31,2715.0,11.221,IDLE,0.05664
28,Chengde Jianlong,2023,10,0.028535,7234,0.015052,1607.34,2788.5,11.813,IDLE,0.05664
28,Chengde Jianlong,2023,11,0.038357,8497,0.01768,1518.62,3056.5,10.794,IDLE,0.05664
28,Chengde Jianlong,2023,12,0.068682,15170,0.031565,1033.06,2266.5,13.384,ACTIVE,0.05664
28,Chengde Jianlong,2024,1,0.039806,9472,0.019709,1395.9,2677.0,9.652,IDLE,0.05664
28,Chengde Jianlong,2024,2,0.030568,7776,0.01618,1644.23,2886.0,8.511,IDLE,0.05664
28,Chengde Jianlong,2024,3,0.023055,6353,0.013219,1888.31,3025.5,9.625,IDLE,0.05664
28,Chengde Jianlong,2024,4,0.021652,6263,0.013032,2086.15,3149.5,9.619,IDLE,0.05664
28,Chengde Jianlong,2024,5,0.051243,14679,0.030544,1967.0,3292.0,8.449,IDLE,0.05664
28,Chengde Jianlong,2024,6,0.06382,17752,0.036938,1783.52,3138.75,9.516,ACTIVE,0.05664
28,Chengde Jianlong,2024,7,0.049006,14181,0.029507,1612.55,2675.0,10.179,IDLE,0.05664
28,Chengde Jianlong,2024,8,0.09885,17200,0.035789,1672.44,5171.0,9.459,ACTIVE,0.05664
28,Chengde Jianlong,2024,9,0.045383,8206,0.017075,1038.2,2486.5,8.533,IDLE,0.05664
28,Chengde Jianlong,2024,10,0.038906,10370,0.021578,1516.36,2613.5,11.846,IDLE,0.05664
28,Chengde Jianlong,2024,11,0.026392,6636,0.013808,1673.57,2956.0,12.96,IDLE,0.05664
28,Chengde Jianlong,2024,12,0.036825,8750,0.018207,1528.95,2927.25,9.069,IDLE,0.05664
29,Xinyu Steel,2019,3,0.060932,12238,0.029802,1275.2,2589.0,10.444,ACTIVE,0.05664
29,Xinyu Steel,2019,6,0.048543,8998,0.021912,1739.93,3426.5,23.11,IDLE,0.05664
29,Xinyu Steel,2019,7,0.085147,16235,0.039536,2054.58,4556.25,13.611,ACTIVE,0.05664
29,Xinyu Steel,2019,8,0.057903,12423,0.030253,1730.4,3269.4,15.187,ACTIVE,0.05664
29,Xinyu Steel,2019,9,0.066517,13509,0.032897,1535.06,3125.5,11.078,ACTIVE,0.05664
29,Xinyu Steel,2019,10,0.075577,14966,0.036445,1368.77,2899.25,12.715,ACTIVE,0.05664
29,Xinyu Steel,2019,11,0.102577,20146,0.04906,1538.45,3450.0,6.986,ACTIVE,0.05664
29,Xinyu Steel,2019,12,0.082781,15071,0.036701,1178.18,2693.0,26.04,ACTIVE,0.05664
29,Xinyu Steel,2020,1,0.074639,13734,0.033445,1100.47,2489.0,13.602,ACTIVE,0.05664
29,Xinyu Steel,2020,2,0.073114,14288,0.034794,1271.65,2704.29,10.809,ACTIVE,0.05664
29,Xinyu Steel,2020,3,0.066287,11502,0.02801,1335.76,3218.5,8.938,ACTIVE,0.05664
29,Xinyu Steel,2020,4,0.05663,12390,0.030172,1590.13,2898.75,18.268,IDLE,0.05664
29,Xinyu Steel,2020,5,0.050813,10968,0.026709,1794.07,3213.5,27.632,IDLE,0.05664
29,Xinyu Steel,2020,7,0.096072,19657,0.047869,1925.83,4102.75,18.163,ACTIVE,0.05664
29,Xinyu Steel,2020,8,0.111972,20227,0.049257,1760.21,4283.25,12.348,ACTIVE,0.05664
29,Xinyu Steel,2020,10,0.074393,14226,0.034643,1348.25,2923.5,15.127,ACTIVE,0.05664
29,Xinyu Steel,2020,11,0.08705,16687,0.040636,1244.89,2782.5,7.8,ACTIVE,0.05664
29,Xinyu Steel,2020,12,0.082127,16200,0.03945,1179.91,2540.25,26.713,ACTIVE,0.05664
29,Xinyu Steel,2021,1,0.088022,16838,0.041004,1155.09,2584.0,7.462,ACTIVE,0.05664
29,Xinyu Steel,2021,2,0.075369,14844,0.036148,1219.54,2583.5,9.134,ACTIVE,0.05664
29,Xinyu Steel,2021,3,0.061915,12885,0.031378,1388.32,2706.0,14.769,ACTIVE,0.05664
29,Xinyu Steel,2021,4,0.045568,8264,0.020125,1463.88,2850.0,22.703,IDLE,0.05664
29,Xinyu Steel,2021,8,0.112736,19078,0.046459,2058.67,5391.75,10.771,ACTIVE,0.05664
29,Xinyu Steel,2021,9,0.073836,14609,0.035576,1521.07,3251.25,13.759,ACTIVE,0.05664
29,Xinyu Steel,2021,10,0.082484,16270,0.039621,1423.85,3105.25,15.899,ACTIVE,0.05664
29,Xinyu Steel,2021,11,0.069171,13577,0.033063,1152.17,2406.25,15.901,ACTIVE,0.05664
29,Xinyu Steel,2021,12,0.081981,15760,0.038379,1174.21,2574.0,27.927,ACTIVE,0.05664
29,Xinyu Steel,2022,2,0.06655,13512,0.032904,1288.53,2600.5,9.291,ACTIVE,0.05664
29,Xinyu Steel,2022,4,0.036925,8842,0.021532,1720.24,2776.5,15.876,IDLE,0.05664
29,Xinyu Steel,2022,6,0.055791,9755,0.023755,1678.63,3490.0,22.697,IDLE,0.05664
29,Xinyu Steel,2022,7,0.06164,12619,0.03073,1774.35,3460.0,16.962,ACTIVE,0.05664
29,Xinyu Steel,2022,8,0.06386,13305,0.0324,1644.63,3214.5,14.259,ACTIVE,0.05664
29,Xinyu Steel,2022,9,0.066062,13850,0.033728,1493.79,2984.0,9.543,ACTIVE,0.05664
29,Xinyu Steel,2022,10,0.07942,16210,0.039475,1379.04,2870.75,10.124,ACTIVE,0.05664
29,Xinyu Steel,2022,11,0.084658,16570,0.040351,1245.49,2715.0,7.691,ACTIVE,0.05664
29,Xinyu Steel,2022,12,0.091141,16805,0.040924,1079.06,2492.29,27.548,ACTIVE,0.05664
29,Xinyu Steel,2023,1,0.082199,15321,0.03731,1242.61,2894.0,16.528,ACTIVE,0.05664
29,Xinyu Steel,2023,3,0.072359,15112,0.036801,1309.22,2621.5,14.158,ACTIVE,0.05664
29,Xinyu Steel,2023,4,0.050521,11153,0.02716,1473.62,2644.5,13.529,IDLE,0.05664
29,Xinyu Steel,2023,5,0.090223,17477,0.04256,1896.45,4208.29,14.663,ACTIVE,0.05664
29,Xinyu Steel,2023,7,0.048805,11223,0.02733,1741.83,2965.0,28.902,IDLE,0.05664
29,Xinyu Steel,2023,10,0.076329,14958,0.036426,1219.77,2609.25,20.351,ACTIVE,0.05664
29,Xinyu Steel,2023,11,0.077387,14714,0.035832,1072.35,2372.5,26.02,ACTIVE,0.05664
29,Xinyu Steel,2024,1,0.084294,15999,0.038961,1067.94,2388.0,17.546,ACTIVE,0.05664
29,Xinyu Steel,2024,3,0.061671,13219,0.032191,1269.14,2401.94,23.478,ACTIVE,0.05664
29,Xinyu Steel,2024,6,0.087314,15761,0.038381,3080.88,7231.5,4.939,ACTIVE,0.05664
29,Xinyu Steel,2024,7,0.053621,10525,0.025631,1759.15,3368.5,15.512,IDLE,0.05664
29,Xinyu Steel,2024,8,0.056613,11728,0.02856,1558.77,2991.5,15.461,IDLE,0.05664
29,Xinyu Steel,2024,9,0.078001,11685,0.028455,1450.55,4017.5,11.358,ACTIVE,0.05664
29,Xinyu Steel,2024,10,0.075725,15006,0.036543,1274.6,2687.25,16.48,ACTIVE,0.05664
29,Xinyu Steel,2024,12,0.086942,16774,0.040848,1097.04,2421.79,15.594,ACTIVE,0.05664
30,Fangda Special Steel,2019,1,0.01266,2250,0.005448,1520.69,2938.25,4.85,IDLE,0.05664
30,Fangda Special Steel,2019,3,0.032847,4452,0.01078,1249.71,2855.5,18.026,IDLE,0.05664
30,Fangda Special Steel,2019,4,0.023181,3525,0.008536,1505.75,3322.0,5.619,IDLE,0.05664
30,Fangda Special Steel,2019,5,0.019596,3149,0.007625,1896.43,4047.0,6.725,IDLE,0.05664
30,Fangda Special Steel,2019,6,0.057896,9228,0.022345,2077.08,4672.5,17.511,ACTIVE,0.05664
30,Fangda Special Steel,2019,7,0.048376,8065,0.019529,1936.92,4319.75,9.346,IDLE,0.05664
30,Fangda Special Steel,2019,8,0.045555,7151,0.017316,1771.52,4055.75,11.968,IDLE,0.05664
30,Fangda Special Steel,2019,9,0.029197,4773,0.011558,1684.36,3851.0,4.984,IDLE,0.05664
30,Fangda Special Steel,2019,10,0.028019,4626,0.011202,1622.35,3716.0,3.914,IDLE,0.05664
30,Fangda Special Steel,2019,11,0.03189,5244,0.012698,1517.88,3540.0,3.596,IDLE,0.05664
30,Fangda Special Steel,2019,12,0.040425,6524,0.015798,1429.1,3463.5,3.809,IDLE,0.05664
30,Fangda Special Steel,2020,1,0.037606,5555,0.013451,1150.85,2856.0,6.456,IDLE,0.05664
30,Fangda Special Steel,2020,2,0.029969,4589,0.011112,1278.6,3033.25,8.845,IDLE,0.05664
30,Fangda Special Steel,2020,3,0.030696,4576,0.011081,1369.4,3131.5,7.764,IDLE,0.05664
30,Fangda Special Steel,2020,4,0.043296,6471,0.015669,1571.58,3600.5,10.377,IDLE,0.05664
30,Fangda Special Steel,2020,5,0.056939,9984,0.024176,2059.99,4304.25,18.175,ACTIVE,0.05664
30,Fangda Special Steel,2020,7,0.068508,10872,0.026326,1915.74,4487.58,16.385,ACTIVE,0.05664
30,Fangda Special Steel,2020,8,0.050815,8702,0.021072,1728.15,3966.75,10.499,IDLE,0.05664
30,Fangda Special Steel,2020,9,0.069847,10730,0.025982,1658.92,4495.75,5.331,ACTIVE,0.05664
30,Fangda Special Steel,2020,10,0.036249,5847,0.014158,1368.57,3255.14,4.58,IDLE,0.05664
30,Fangda Special Steel,2020,11,0.045945,7268,0.017599,1325.22,3300.5,5.823,IDLE,0.05664
30,Fangda Special Steel,2020,12,0.043464,7161,0.01734,1357.91,3250.5,3.897,IDLE,0.05664
30,Fangda Special Steel,2021,1,0.043091,6764,0.016379,1321.11,3283.0,4.673,IDLE,0.05664
30,Fangda Special Steel,2021,2,0.027585,4409,0.010676,1427.47,3265.5,4.55,IDLE,0.05664
30,Fangda Special Steel,2021,3,0.020871,3535,0.00856,1387.3,2742.25,6.71,IDLE,0.05664
30,Fangda Special Steel,2021,4,0.059092,9648,0.023362,1551.03,3551.5,15.298,ACTIVE,0.05664
30,Fangda Special Steel,2021,5,0.015147,2487,0.006022,1654.04,3356.0,4.944,IDLE,0.05664
30,Fangda Special Steel,2021,6,0.038256,5044,0.012214,1697.19,4210.5,5.881,IDLE,0.05664
30,Fangda Special Steel,2021,7,0.04258,7623,0.018459,2138.04,4761.0,4.819,IDLE,0.05664
30,Fangda Special Steel,2021,8,0.212844,29670,0.071845,2190.02,7278.0,8.163,ACTIVE,0.05664
30,Fangda Special Steel,2021,9,0.031507,4832,0.011701,1497.36,3436.5,8.46,IDLE,0.05664
30,Fangda Special Steel,2021,10,0.038825,6093,0.014754,1447.45,3467.75,6.482,IDLE,0.05664
30,Fangda Special Steel,2021,11,0.040429,6254,0.015144,1228.45,3067.0,5.816,IDLE,0.05664
30,Fangda Special Steel,2021,12,0.039276,6226,0.015076,1330.52,3244.5,4.783,IDLE,0.05664
30,Fangda Special Steel,2022,2,0.02637,3761,0.009107,1334.56,3071.5,16.459,IDLE,0.05664
30,Fangda Special Steel,2022,3,0.021374,3336,0.008078,1399.5,3121.25,5.178,IDLE,0.05664
30,Fangda Special Steel,2022,4,0.026572,4070,0.009855,1563.19,3466.5,8.065,IDLE,0.05664
30,Fangda Special Steel,2022,5,0.020598,3146,0.007618,1712.77,3775.0,7.158,IDLE,0.05664
30,Fangda Special Steel,2022,7,0.057329,9891,0.023951,1872.42,4030.5,13.061,ACTIVE,0.05664
30,Fangda Special Steel,2022,8,0.037158,5977,0.014473,1734.98,3977.5,7.764,IDLE,0.05664
30,Fangda Special Steel,2022,9,0.036708,6186,0.014979,1740.85,4040.5,4.409,IDLE,0.05664
30,Fangda Special Steel,2022,10,0.038532,6409,0.015519,1577.55,3715.75,4.755,IDLE,0.05664
30,Fangda Special Steel,2022,11,0.038247,6283,0.015214,1509.47,3612.0,3.956,IDLE,0.05664
30,Fangda Special Steel,2022,12,0.03833,6373,0.015432,1354.91,3184.0,5.067,IDLE,0.05664
30,Fangda Special Steel,2023,1,0.035941,5893,0.01427,1392.18,3271.0,4.057,IDLE,0.05664
30,Fangda Special Steel,2023,2,0.024364,4046,0.009797,1382.4,3094.89,7.194,IDLE,0.05664
30,Fangda Special Steel,2023,3,0.021036,3536,0.008562,1497.55,3201.5,4.729,IDLE,0.05664
30,Fangda Special Steel,2023,4,0.040109,6019,0.014575,1444.07,3255.5,9.823,IDLE,0.05664
30,Fangda Special Steel,2023,5,0.04233,7379,0.017868,1720.31,3545.5,10.574,IDLE,0.05664
30,Fangda Special Steel,2023,8,0.153346,20826,0.05043,1976.43,6678.5,7.243,ACTIVE,0.05664
30,Fangda Special Steel,2023,9,0.021252,3415,0.008269,1469.21,3265.29,5.132,IDLE,0.05664
30,Fangda Special Steel,2023,10,0.036439,5770,0.013972,1292.73,3100.5,6.086,IDLE,0.05664
30,Fangda Special Steel,2023,11,0.03272,5236,0.012679,1241.83,2969.0,4.445,IDLE,0.05664
30,Fangda Special Steel,2023,12,0.042719,7008,0.01697,1349.32,3231.32,4.414,IDLE,0.05664
30,Fangda Special Steel,2024,1,0.043821,6955,0.016841,1329.55,3305.5,4.541,IDLE,0.05664
30,Fangda Special Steel,2024,2,0.030938,4780,0.011575,1255.69,3015.0,5.276,IDLE,0.05664
30,Fangda Special Steel,2024,3,0.031356,4726,0.011444,1355.56,3045.0,9.203,IDLE,0.05664
30,Fangda Special Steel,2024,5,0.025206,3703,0.008967,1869.92,4172.58,4.847,IDLE,0.05664
30,Fangda Special Steel,2024,7,0.038555,6319,0.015301,1776.07,3717.0,9.629,IDLE,0.05664
30,Fangda Special Steel,2024,8,0.031804,4570,0.011066,1533.63,3532.5,8.443,IDLE,0.05664
30,Fangda Special Steel,2024,9,0.025509,4477,0.010841,1656.04,3548.57,6.174,IDLE,0.05664
30,Fangda Special Steel,2024,10,0.036788,5528,0.013386,1299.09,3136.0,15.565,IDLE,0.05664
30,Fangda Special Steel,2024,11,0.03304,5111,0.012376,1193.94,2873.25,9.31,IDLE,0.05664
30,Fangda Special Steel,2024,12,0.044852,6926,0.016771,1177.73,2969.75,12.158,IDLE,0.05664
31,Nanchang Steel,2019,1,0.054997,12501,0.030177,1527.89,2801.0,12.096,IDLE,0.05664
31,Nanchang Steel,2019,3,0.064438,12423,0.029988,1458.04,3169.5,12.31,ACTIVE,0.05664
31,Nanchang Steel,2019,4,0.050641,10798,0.026066,1852.82,3542.5,22.231,IDLE,0.05664
31,Nanchang Steel,2019,5,0.049237,10421,0.025156,2249.61,4308.5,18.827,IDLE,0.05664
31,Nanchang Steel,2019,6,0.091507,13524,0.032646,2342.44,6764.25,11.59,ACTIVE,0.05664
31,Nanchang Steel,2019,7,0.06459,12434,0.030015,2279.44,4839.75,15.613,ACTIVE,0.05664
31,Nanchang Steel,2019,8,0.066935,12219,0.029496,2023.25,4425.25,16.829,ACTIVE,0.05664
31,Nanchang Steel,2019,9,0.060693,12754,0.030787,1823.62,3664.9,18.869,ACTIVE,0.05664
31,Nanchang Steel,2019,10,0.064183,13242,0.031965,1680.87,3446.25,17.247,ACTIVE,0.05664
31,Nanchang Steel,2019,11,0.066729,13479,0.032537,1503.88,3142.0,12.887,ACTIVE,0.05664
31,Nanchang Steel,2019,12,0.066575,12885,0.031104,1380.17,2948.5,21.049,ACTIVE,0.05664
31,Nanchang Steel,2020,1,0.075297,12886,0.031106,1265.39,3087.0,13.259,ACTIVE,0.05664
31,Nanchang Steel,2020,2,0.069496,13116,0.031661,1366.31,3053.75,8.037,ACTIVE,0.05664
31,Nanchang Steel,2020,3,0.0657,12283,0.02965,1507.7,3333.5,19.4,ACTIVE,0.05664
31,Nanchang Steel,2020,4,0.070808,12774,0.030836,1831.45,4116.0,17.935,ACTIVE,0.05664
31,Nanchang Steel,2020,5,0.09381,14087,0.034005,2261.79,6514.25,11.953,ACTIVE,0.05664
31,Nanchang Steel,2020,7,0.094755,13547,0.032702,2293.14,6871.0,11.382,ACTIVE,0.05664
31,Nanchang Steel,2020,8,0.063641,11814,0.028518,2013.1,4338.5,17.148,ACTIVE,0.05664
31,Nanchang Steel,2020,9,0.078106,15191,0.03667,1907.73,4240.75,9.702,ACTIVE,0.05664
31,Nanchang Steel,2020,10,0.059958,12578,0.030363,1537.3,3065.2,9.246,ACTIVE,0.05664
31,Nanchang Steel,2020,11,0.068945,12558,0.030314,1380.65,3124.5,18.786,ACTIVE,0.05664
31,Nanchang Steel,2020,12,0.068933,13097,0.031615,1329.12,2956.0,20.88,ACTIVE,0.05664
31,Nanchang Steel,2021,1,0.070321,12850,0.031019,1255.57,2875.5,13.485,ACTIVE,0.05664
31,Nanchang Steel,2021,2,0.063888,12444,0.030039,1392.37,2983.5,12.98,ACTIVE,0.05664
31,Nanchang Steel,2021,3,0.061252,11209,0.027058,1514.77,3329.0,18.66,ACTIVE,0.05664
31,Nanchang Steel,2021,4,0.078507,12227,0.029515,1812.99,4633.0,16.807,ACTIVE,0.05664
31,Nanchang Steel,2021,5,0.047575,10474,0.025284,1962.23,3560.0,14.809,IDLE,0.05664
31,Nanchang Steel,2021,6,0.058771,11296,0.027268,2281.24,4842.0,15.943,ACTIVE,0.05664
31,Nanchang Steel,2021,7,0.069687,14039,0.033889,2390.76,5019.0,14.877,ACTIVE,0.05664
31,Nanchang Steel,2021,8,0.144507,22754,0.054927,2364.35,6695.25,9.383,ACTIVE,0.05664
31,Nanchang Steel,2021,9,0.060478,11337,0.027367,1702.74,3597.95,15.271,ACTIVE,0.05664
31,Nanchang Steel,2021,10,0.134005,23610,0.056993,1910.53,4824.25,13.268,ACTIVE,0.05664
31,Nanchang Steel,2021,11,0.066943,11146,0.026906,1296.31,3046.75,23.292,ACTIVE,0.05664
31,Nanchang Steel,2021,12,0.068012,13403,0.032354,1306.75,2803.0,8.9,ACTIVE,0.05664
31,Nanchang Steel,2022,2,0.064054,11720,0.028291,1421.46,3135.5,15.374,ACTIVE,0.05664
31,Nanchang Steel,2022,3,0.054777,11297,0.02727,1527.78,3007.0,14.484,IDLE,0.05664
31,Nanchang Steel,2022,4,0.051629,10718,0.025873,1873.28,3625.5,15.185,IDLE,0.05664
31,Nanchang Steel,2022,5,0.04581,8995,0.021713,2122.21,4074.5,18.038,IDLE,0.05664
31,Nanchang Steel,2022,7,0.082281,12566,0.030334,2210.31,5952.5,13.264,ACTIVE,0.05664
31,Nanchang Steel,2022,8,0.060621,11210,0.02706,2031.08,4313.5,16.214,ACTIVE,0.05664
31,Nanchang Steel,2022,9,0.056845,12106,0.029223,1794.57,3516.5,7.705,ACTIVE,0.05664
31,Nanchang Steel,2022,10,0.067057,13017,0.031422,1541.14,3292.5,13.932,ACTIVE,0.05664
31,Nanchang Steel,2022,11,0.068772,13715,0.033107,1432.63,3038.5,8.091,ACTIVE,0.05664
31,Nanchang Steel,2022,12,0.066511,13494,0.032574,1335.23,2779.5,8.844,ACTIVE,0.05664
31,Nanchang Steel,2023,1,0.066907,13492,0.032569,1335.34,2795.5,9.287,ACTIVE,0.05664
31,Nanchang Steel,2023,2,0.056775,11995,0.028955,1478.72,2895.0,8.701,ACTIVE,0.05664
31,Nanchang Steel,2023,3,0.06118,12776,0.03084,1512.76,3039.75,7.865,ACTIVE,0.05664
31,Nanchang Steel,2023,4,0.062981,10622,0.025641,1665.72,3760.5,17.101,ACTIVE,0.05664
31,Nanchang Steel,2023,5,0.067747,12320,0.02974,2005.47,4501.75,14.218,ACTIVE,0.05664
31,Nanchang Steel,2023,8,0.050318,10050,0.02426,2006.26,3939.0,18.128,IDLE,0.05664
31,Nanchang Steel,2023,9,0.08423,16604,0.040081,1797.46,4061.5,10.674,ACTIVE,0.05664
31,Nanchang Steel,2023,10,0.068168,12915,0.031176,1403.02,3096.0,15.375,ACTIVE,0.05664
31,Nanchang Steel,2023,11,0.063958,12787,0.030867,1351.65,2825.5,15.606,ACTIVE,0.05664
31,Nanchang Steel,2023,12,0.067345,13273,0.03204,1286.83,2739.0,13.951,ACTIVE,0.05664
31,Nanchang Steel,2024,1,0.069693,13832,0.03339,1310.28,2769.0,12.397,ACTIVE,0.05664
31,Nanchang Steel,2024,2,0.062713,12576,0.030358,1373.72,2834.9,9.388,ACTIVE,0.05664
31,Nanchang Steel,2024,3,0.059269,10360,0.025008,1520.76,3314.5,22.933,ACTIVE,0.05664
31,Nanchang Steel,2024,5,0.048223,9516,0.022971,2254.09,4513.5,14.671,IDLE,0.05664
31,Nanchang Steel,2024,7,0.064116,11357,0.027415,2147.82,4903.0,13.434,ACTIVE,0.05664
31,Nanchang Steel,2024,8,0.052017,10375,0.025045,1939.15,3838.0,11.798,IDLE,0.05664
31,Nanchang Steel,2024,9,0.085112,17212,0.041549,1815.04,3934.25,6.441,ACTIVE,0.05664
31,Nanchang Steel,2024,10,0.067521,12550,0.030295,1457.62,3216.0,23.488,ACTIVE,0.05664
31,Nanchang Steel,2024,11,0.06198,12441,0.030032,1348.06,2775.25,20.404,ACTIVE,0.05664
31,Nanchang Steel,2024,12,0.073318,13854,0.033443,1265.27,2809.3,16.037,ACTIVE,0.05664
32,Liuzhou Iron & Steel,2019,3,0.04697,5052,0.012675,904.76,3211.0,3.355,IDLE,0.05664
32,Liuzhou Iron & Steel,2019,8,0.084686,15064,0.037794,1857.03,4398.0,18.063,ACTIVE,0.05664
32,Liuzhou Iron & Steel,2019,9,0.073121,12215,0.030646,1648.14,3963.25,12.694,ACTIVE,0.05664
32,Liuzhou Iron & Steel,2019,10,0.091182,14809,0.037154,1559.21,4017.0,12.204,ACTIVE,0.05664
32,Liuzhou Iron & Steel,2019,11,0.124024,18923,0.047476,1473.89,4218.75,14.657,ACTIVE,0.05664
32,Liuzhou Iron & Steel,2019,12,0.0919,14448,0.036248,1201.8,3190.0,13.091,ACTIVE,0.05664
32,Liuzhou Iron & Steel,2020,4,0.080116,14019,0.035172,1667.87,3917.04,18.192,ACTIVE,0.05664
32,Liuzhou Iron & Steel,2020,7,0.151815,23313,0.05849,2606.28,7373.5,7.683,ACTIVE,0.05664
32,Liuzhou Iron & Steel,2020,8,0.076546,12245,0.030721,1743.8,4317.5,15.383,ACTIVE,0.05664
32,Liuzhou Iron & Steel,2020,9,0.085439,14662,0.036785,1780.73,4271.5,17.668,ACTIVE,0.05664
32,Liuzhou Iron & Steel,2020,10,0.079822,13577,0.034063,1425.08,3445.0,11.812,ACTIVE,0.05664
32,Liuzhou Iron & Steel,2020,11,0.087373,14267,0.035794,1262.76,3199.0,12.478,ACTIVE,0.05664
32,Liuzhou Iron & Steel,2020,12,0.080528,13606,0.034136,1252.22,3063.5,6.285,ACTIVE,0.05664
32,Liuzhou Iron & Steel,2021,1,0.087275,14448,0.036248,1204.35,3028.75,8.881,ACTIVE,0.05664
32,Liuzhou Iron & Steel,2021,2,0.085208,13364,0.033529,1422.14,3709.25,12.273,ACTIVE,0.05664
32,Liuzhou Iron & Steel,2021,3,0.144262,22510,0.056475,1925.55,5649.5,13.215,ACTIVE,0.05664
32,Liuzhou Iron & Steel,2021,7,0.089389,15775,0.039578,2219.2,5099.0,11.529,ACTIVE,0.05664
32,Liuzhou Iron & Steel,2021,9,0.072614,12761,0.032016,1717.73,3912.0,16.559,ACTIVE,0.05664
32,Liuzhou Iron & Steel,2021,10,0.081879,14016,0.035165,1514.96,3650.5,8.383,ACTIVE,0.05664
32,Liuzhou Iron & Steel,2021,11,0.081295,13194,0.033102,1208.27,3052.0,9.546,ACTIVE,0.05664
32,Liuzhou Iron & Steel,2021,12,0.084247,13872,0.034803,1216.56,3056.0,7.733,ACTIVE,0.05664
32,Liuzhou Iron & Steel,2022,2,0.322384,21133,0.05302,499.04,3685.09,6.471,ACTIVE,0.05664
32,Liuzhou Iron & Steel,2022,4,0.075004,12432,0.03119,1645.66,3942.0,17.859,ACTIVE,0.05664
32,Liuzhou Iron & Steel,2022,7,0.075487,11186,0.028064,1938.27,4975.0,13.256,ACTIVE,0.05664
32,Liuzhou Iron & Steel,2022,9,0.079545,13415,0.033657,1689.83,4083.18,11.747,ACTIVE,0.05664
32,Liuzhou Iron & Steel,2022,10,0.08401,14215,0.035664,1471.48,3578.0,11.27,ACTIVE,0.05664
32,Liuzhou Iron & Steel,2022,11,0.235113,18150,0.045536,512.1,2908.5,19.421,ACTIVE,0.05664
32,Liuzhou Iron & Steel,2022,12,0.08038,13148,0.032987,1244.33,3085.5,22.138,ACTIVE,0.05664
32,Liuzhou Iron & Steel,2023,1,0.077898,12793,0.032096,1241.26,3047.5,17.647,ACTIVE,0.05664
32,Liuzhou Iron & Steel,2023,4,0.07218,11196,0.02809,1714.16,4240.0,17.123,ACTIVE,0.05664
32,Liuzhou Iron & Steel,2023,5,0.080691,11535,0.02894,1957.92,5250.5,12.9,ACTIVE,0.05664
32,Liuzhou Iron & Steel,2023,10,0.080365,12893,0.032347,1383.56,3466.0,16.815,ACTIVE,0.05664
32,Liuzhou Iron & Steel,2023,11,0.084823,13771,0.03455,1256.69,3171.5,11.305,ACTIVE,0.05664
32,Liuzhou Iron & Steel,2023,12,0.259305,18959,0.047566,294.95,1821.5,10.087,ACTIVE,0.05664
32,Liuzhou Iron & Steel,2024,2,0.19784,19079,0.047867,623.66,2694.0,6.74,ACTIVE,0.05664
32,Liuzhou Iron & Steel,2024,5,0.078756,10889,0.027319,1930.07,5135.22,13.744,ACTIVE,0.05664
32,Liuzhou Iron & Steel,2024,10,0.071961,12075,0.030295,1415.19,3366.0,18.496,ACTIVE,0.05664
32,Liuzhou Iron & Steel,2024,11,0.082545,13314,0.033403,1354.59,3447.0,14.503,ACTIVE,0.05664
33,Guangzhou Steel,2019,1,0.092602,16254,0.041159,1221.28,2954.5,13.58,ACTIVE,0.05664
33,Guangzhou Steel,2019,3,0.079708,14028,0.035522,1271.28,2948.5,28.003,ACTIVE,0.05664
33,Guangzhou Steel,2019,8,0.065862,12210,0.030918,1797.66,3779.5,18.978,ACTIVE,0.05664
33,Guangzhou Steel,2019,9,0.080066,15368,0.038915,1613.57,3503.98,15.562,ACTIVE,0.05664
33,Guangzhou Steel,2019,10,0.077336,14715,0.037261,1471.39,3200.17,18.336,ACTIVE,0.05664
33,Guangzhou Steel,2019,11,0.088675,15402,0.039001,1234.33,2983.0,19.112,ACTIVE,0.05664
33,Guangzhou Steel,2019,12,0.095113,16332,0.041356,1181.3,2938.7,9.686,ACTIVE,0.05664
33,Guangzhou Steel,2020,1,0.090816,16374,0.041462,1234.48,2909.5,9.706,ACTIVE,0.05664
33,Guangzhou Steel,2020,2,0.085499,15232,0.038571,1345.37,3121.5,24.029,ACTIVE,0.05664
33,Guangzhou Steel,2020,4,0.06386,12451,0.031529,1699.7,3417.25,16.107,ACTIVE,0.05664
33,Guangzhou Steel,2020,10,0.07859,14208,0.035978,1378.74,3166.7,20.843,ACTIVE,0.05664
33,Guangzhou Steel,2020,11,0.082573,15039,0.038082,1259.61,2873.2,9.34,ACTIVE,0.05664
33,Guangzhou Steel,2020,12,0.097857,16264,0.041184,1166.84,3016.0,13.542,ACTIVE,0.05664
33,Guangzhou Steel,2021,1,0.09569,16108,0.040789,1206.53,3120.0,10.1,ACTIVE,0.05664
33,Guangzhou Steel,2021,2,0.088734,15783,0.039966,1312.95,3156.22,21.12,ACTIVE,0.05664
33,Guangzhou Steel,2021,3,0.072839,14402,0.036469,1476.7,3079.75,13.757,ACTIVE,0.05664
33,Guangzhou Steel,2021,4,0.005806,1060,0.002684,2083.98,3149.5,15.39,IDLE,0.05664
33,Guangzhou Steel,2021,7,0.092569,14665,0.037135,1952.67,5268.23,15.0,ACTIVE,0.05664
33,Guangzhou Steel,2021,10,0.077111,14136,0.035795,1425.81,3184.0,17.61,ACTIVE,0.05664
33,Guangzhou Steel,2021,11,0.087993,15390,0.038971,1231.09,2935.75,9.906,ACTIVE,0.05664
33,Guangzhou Steel,2021,12,0.094379,15859,0.040158,1176.59,2970.25,16.503,ACTIVE,0.05664
33,Guangzhou Steel,2022,1,0.0871,15814,0.040044,1202.09,2760.0,21.744,ACTIVE,0.05664
33,Guangzhou Steel,2022,3,0.075343,14074,0.035638,1410.89,3048.0,25.762,ACTIVE,0.05664
33,Guangzhou Steel,2022,4,0.066139,12684,0.032119,1631.05,3381.45,18.054,ACTIVE,0.05664
33,Guangzhou Steel,2022,9,0.06851,12969,0.03284,1581.5,3368.0,16.624,ACTIVE,0.05664
33,Guangzhou Steel,2022,10,0.080233,14670,0.037148,1376.54,3123.75,21.753,ACTIVE,0.05664
33,Guangzhou Steel,2022,11,0.053977,11406,0.028882,1360.94,2535.0,10.629,IDLE,0.05664
33,Guangzhou Steel,2022,12,0.093592,15705,0.039768,1138.85,2877.75,23.717,ACTIVE,0.05664
33,Guangzhou Steel,2023,1,0.093801,16104,0.040779,1172.03,2894.0,12.465,ACTIVE,0.05664
33,Guangzhou Steel,2023,2,0.079514,14977,0.037925,1353.02,2997.0,19.862,ACTIVE,0.05664
33,Guangzhou Steel,2023,3,0.078568,14603,0.036978,1361.57,3034.95,25.72,ACTIVE,0.05664
33,Guangzhou Steel,2023,10,0.081692,14677,0.037165,1323.38,3033.17,18.724,ACTIVE,0.05664
33,Guangzhou Steel,2023,11,0.088797,15688,0.039725,1193.13,2857.42,10.391,ACTIVE,0.05664
33,Guangzhou Steel,2023,12,0.087937,15871,0.040189,1164.65,2753.5,8.635,ACTIVE,0.05664
33,Guangzhou Steel,2024,1,0.090648,11588,0.029343,1248.14,3676.5,18.892,ACTIVE,0.05664
33,Guangzhou Steel,2024,8,0.064023,11256,0.028503,1847.98,4028.0,19.044,ACTIVE,0.05664
33,Guangzhou Steel,2024,9,0.079261,14246,0.036074,1502.3,3505.36,17.635,ACTIVE,0.05664
33,Guangzhou Steel,2024,10,0.078911,14442,0.03657,1443.02,3241.0,14.046,ACTIVE,0.05664
33,Guangzhou Steel,2024,11,0.092963,15894,0.040247,1180.41,2920.0,11.946,ACTIVE,0.05664
33,Guangzhou Steel,2024,12,0.094314,15807,0.040027,1169.35,2968.0,18.167,ACTIVE,0.05664
34,Zenith Steel Changzhou,2019,1,0.063097,12133,0.028379,1215.65,2652.25,27.432,ACTIVE,0.05664
34,Zenith Steel Changzhou,2019,3,0.049056,10609,0.024815,1466.52,2757.0,29.472,IDLE,0.05664
34,Zenith Steel Changzhou,2019,5,0.050946,10712,0.025056,1844.99,3614.37,19.121,IDLE,0.05664
34,Zenith Steel Changzhou,2019,6,0.05434,11089,0.025938,1942.61,4028.5,19.146,IDLE,0.05664
34,Zenith Steel Changzhou,2019,7,0.124337,20751,0.048537,2875.96,7777.0,6.079,ACTIVE,0.05664
34,Zenith Steel Changzhou,2019,8,0.054737,11735,0.027449,1841.59,3606.5,20.974,IDLE,0.05664
34,Zenith Steel Changzhou,2019,9,0.094206,16547,0.038704,1877.09,5031.0,14.725,ACTIVE,0.05664
34,Zenith Steel Changzhou,2019,10,0.072142,15488,0.036227,1404.2,2852.87,14.228,ACTIVE,0.05664
34,Zenith Steel Changzhou,2019,11,0.076231,15372,0.035956,1278.29,2770.5,13.562,ACTIVE,0.05664
34,Zenith Steel Changzhou,2019,12,0.076939,14385,0.033647,1102.08,2561.0,15.786,ACTIVE,0.05664
34,Zenith Steel Changzhou,2020,1,0.071541,13727,0.032108,1182.89,2638.75,25.076,ACTIVE,0.05664
34,Zenith Steel Changzhou,2020,2,0.066348,12633,0.029549,1298.21,2861.0,25.204,ACTIVE,0.05664
34,Zenith Steel Changzhou,2020,3,0.062191,12897,0.030167,1403.86,2828.0,27.213,ACTIVE,0.05664
34,Zenith Steel Changzhou,2020,4,0.05826,12495,0.029226,1596.94,3104.0,20.764,ACTIVE,0.05664
34,Zenith Steel Changzhou,2020,5,0.054561,12423,0.029058,1806.5,3345.87,21.739,IDLE,0.05664
34,Zenith Steel Changzhou,2020,6,0.055414,11742,0.027465,1982.31,3942.75,15.996,IDLE,0.05664
34,Zenith Steel Changzhou,2020,8,0.093423,16723,0.039116,1933.46,5148.5,15.57,ACTIVE,0.05664
34,Zenith Steel Changzhou,2020,9,0.056577,11006,0.025743,1482.89,3084.5,23.9,IDLE,0.05664
34,Zenith Steel Changzhou,2020,10,0.077448,12417,0.029044,1385.62,3694.25,11.69,ACTIVE,0.05664
34,Zenith Steel Changzhou,2020,11,0.080641,16553,0.038718,1299.92,2794.37,13.421,ACTIVE,0.05664
34,Zenith Steel Changzhou,2020,12,0.095809,16396,0.038351,1289.73,3493.5,10.644,ACTIVE,0.05664
34,Zenith Steel Changzhou,2021,1,0.084324,16576,0.038772,1198.0,2667.0,13.303,ACTIVE,0.05664
34,Zenith Steel Changzhou,2021,2,0.077969,15466,0.036175,1324.28,2895.5,16.552,ACTIVE,0.05664
34,Zenith Steel Changzhou,2021,3,0.057461,12441,0.0291,1501.72,2876.0,22.063,ACTIVE,0.05664
34,Zenith Steel Changzhou,2021,4,0.154233,27102,0.063392,1765.81,4664.0,10.427,ACTIVE,0.05664
34,Zenith Steel Changzhou,2021,6,0.056043,10723,0.025081,1978.43,4156.11,18.328,IDLE,0.05664
34,Zenith Steel Changzhou,2021,7,0.057911,11285,0.026396,1874.64,3933.5,20.022,ACTIVE,0.05664
34,Zenith Steel Changzhou,2021,8,0.06274,13097,0.030634,1590.22,3227.0,22.971,ACTIVE,0.05664
34,Zenith Steel Changzhou,2021,9,0.231653,28842,0.067462,1901.13,7686.0,6.641,ACTIVE,0.05664
34,Zenith Steel Changzhou,2021,10,0.065675,13802,0.032283,1407.22,2869.68,19.856,ACTIVE,0.05664
34,Zenith Steel Changzhou,2021,11,0.073652,14331,0.033521,1161.55,2581.87,13.947,ACTIVE,0.05664
34,Zenith Steel Changzhou,2021,12,0.091263,17265,0.040383,1159.23,2672.0,13.775,ACTIVE,0.05664
34,Zenith Steel Changzhou,2022,1,0.083442,16397,0.038353,1200.36,2746.0,13.368,ACTIVE,0.05664
34,Zenith Steel Changzhou,2022,2,0.072819,14704,0.034393,1354.7,2922.43,17.131,ACTIVE,0.05664
34,Zenith Steel Changzhou,2022,3,0.05829,12788,0.029912,1470.03,2826.5,24.859,ACTIVE,0.05664
34,Zenith Steel Changzhou,2022,4,0.0611,13107,0.030658,1574.93,3089.25,24.165,ACTIVE,0.05664
34,Zenith Steel Changzhou,2022,5,0.054003,11383,0.026625,1847.06,3557.37,20.628,IDLE,0.05664
34,Zenith Steel Changzhou,2022,6,0.095605,15780,0.03691,2081.17,6109.37,12.046,ACTIVE,0.05664
34,Zenith Steel Changzhou,2022,7,0.058027,12424,0.02906,2003.94,3972.25,17.714,ACTIVE,0.05664
34,Zenith Steel Changzhou,2022,8,0.094991,18072,0.042271,2105.84,5123.0,8.134,ACTIVE,0.05664
34,Zenith Steel Changzhou,2022,10,0.072973,14280,0.033401,1291.69,2834.25,18.684,ACTIVE,0.05664
34,Zenith Steel Changzhou,2022,11,0.083862,15383,0.035981,1109.14,2689.0,16.521,ACTIVE,0.05664
34,Zenith Steel Changzhou,2022,12,0.084905,15459,0.036159,1098.23,2672.5,21.438,ACTIVE,0.05664
34,Zenith Steel Changzhou,2023,1,0.081807,15577,0.036435,1164.98,2694.25,13.887,ACTIVE,0.05664
34,Zenith Steel Changzhou,2023,2,0.073761,14719,0.034428,1288.14,2796.25,17.008,ACTIVE,0.05664
34,Zenith Steel Changzhou,2023,3,0.068424,14658,0.034286,1435.38,2888.0,17.111,ACTIVE,0.05664
34,Zenith Steel Changzhou,2023,4,0.055232,11447,0.026775,1482.9,2945.43,27.378,IDLE,0.05664
34,Zenith Steel Changzhou,2023,5,0.053284,10941,0.025591,1836.97,3619.25,19.941,IDLE,0.05664
34,Zenith Steel Changzhou,2023,9,0.062429,12931,0.030246,1557.55,3146.62,22.654,ACTIVE,0.05664
34,Zenith Steel Changzhou,2023,10,0.063061,13120,0.030688,1350.1,2773.75,20.609,ACTIVE,0.05664
34,Zenith Steel Changzhou,2023,11,0.082426,15725,0.036781,1134.69,2633.75,13.777,ACTIVE,0.05664
34,Zenith Steel Changzhou,2023,12,0.083378,14909,0.034873,1049.87,2541.5,26.818,ACTIVE,0.05664
34,Zenith Steel Changzhou,2024,1,0.079804,15055,0.035214,1139.75,2606.5,20.544,ACTIVE,0.05664
34,Zenith Steel Changzhou,2024,2,0.068813,13293,0.031093,1253.38,2777.43,16.353,ACTIVE,0.05664
34,Zenith Steel Changzhou,2024,3,0.072772,13782,0.032237,1386.56,3221.5,17.469,ACTIVE,0.05664
34,Zenith Steel Changzhou,2024,4,0.05176,10499,0.024558,1610.95,3166.0,24.125,IDLE,0.05664
34,Zenith Steel Changzhou,2024,5,0.054691,10817,0.025301,1853.41,3740.5,18.041,IDLE,0.05664
34,Zenith Steel Changzhou,2024,7,0.133096,24031,0.056209,2122.05,5531.0,12.173,ACTIVE,0.05664
34,Zenith Steel Changzhou,2024,8,0.059174,12290,0.028747,1755.93,3519.0,19.968,ACTIVE,0.05664
34,Zenith Steel Changzhou,2024,10,0.066131,12805,0.029951,1186.98,2604.43,25.006,ACTIVE,0.05664
34,Zenith Steel Changzhou,2024,11,0.077376,15003,0.035093,1152.11,2647.0,13.914,ACTIVE,0.05664
34,Zenith Steel Changzhou,2024,12,0.102079,18799,0.043971,1073.07,2658.68,12.876,ACTIVE,0.05664
35,Hunan Valin Xiangtan,2019,4,0.060225,10990,0.026763,1517.86,3309.08,18.129,ACTIVE,0.05664
35,Hunan Valin Xiangtan,2019,5,0.080131,11995,0.02921,1800.56,4927.5,15.499,ACTIVE,0.05664
35,Hunan Valin Xiangtan,2019,6,0.128133,17483,0.042575,2010.23,6388.5,11.014,ACTIVE,0.05664
35,Hunan Valin Xiangtan,2019,7,0.168143,24272,0.059107,2244.85,6906.5,8.038,ACTIVE,0.05664
35,Hunan Valin Xiangtan,2019,8,0.068615,10966,0.026704,1689.22,4239.58,17.136,ACTIVE,0.05664
35,Hunan Valin Xiangtan,2019,9,0.061389,10943,0.026648,1544.4,3468.5,16.204,ACTIVE,0.05664
35,Hunan Valin Xiangtan,2019,10,0.056476,10582,0.025769,1355.39,2916.25,10.226,IDLE,0.05664
35,Hunan Valin Xiangtan,2019,11,0.060185,10745,0.026166,1216.3,2724.0,24.496,ACTIVE,0.05664
35,Hunan Valin Xiangtan,2019,12,0.059274,10295,0.02507,1119.4,2560.25,25.719,ACTIVE,0.05664
35,Hunan Valin Xiangtan,2020,1,0.140374,16181,0.039404,1267.31,5229.08,11.085,ACTIVE,0.05664
35,Hunan Valin Xiangtan,2020,2,0.055488,9095,0.022148,1166.83,2735.5,19.94,IDLE,0.05664
35,Hunan Valin Xiangtan,2020,4,0.071698,11347,0.027632,1517.38,3901.25,17.324,ACTIVE,0.05664
35,Hunan Valin Xiangtan,2020,5,0.08767,11566,0.028166,1901.6,5870.5,14.382,ACTIVE,0.05664
35,Hunan Valin Xiangtan,2020,6,0.134177,21779,0.053036,2506.49,6678.0,8.795,ACTIVE,0.05664
35,Hunan Valin Xiangtan,2020,8,0.077413,14274,0.03476,2233.58,5009.0,9.449,ACTIVE,0.05664
35,Hunan Valin Xiangtan,2020,10,0.057483,9809,0.023887,1228.96,2786.0,23.28,ACTIVE,0.05664
35,Hunan Valin Xiangtan,2020,11,0.064267,10799,0.026298,1140.85,2716.0,23.913,ACTIVE,0.05664
35,Hunan Valin Xiangtan,2021,1,0.060095,10135,0.024681,1082.2,2558.5,23.27,ACTIVE,0.05664
35,Hunan Valin Xiangtan,2021,2,0.056168,9675,0.023561,1215.25,2741.5,19.445,IDLE,0.05664
35,Hunan Valin Xiangtan,2021,3,0.064211,9504,0.023144,1374.44,3588.29,20.144,ACTIVE,0.05664
35,Hunan Valin Xiangtan,2021,6,0.081029,13301,0.032391,2201.2,5375.0,12.659,ACTIVE,0.05664
35,Hunan Valin Xiangtan,2021,8,0.071982,11702,0.028497,1597.63,3855.5,18.136,ACTIVE,0.05664
35,Hunan Valin Xiangtan,2021,9,0.128071,20252,0.049318,1524.49,4304.15,11.004,ACTIVE,0.05664
35,Hunan Valin Xiangtan,2021,10,0.085878,16620,0.040473,1566.76,3482.25,11.127,ACTIVE,0.05664
35,Hunan Valin Xiangtan,2021,11,0.048534,8050,0.019603,1097.17,2463.08,26.01,IDLE,0.05664
35,Hunan Valin Xiangtan,2021,12,0.069367,11382,0.027718,1075.54,2634.5,24.58,ACTIVE,0.05664
35,Hunan Valin Xiangtan,2022,1,0.055506,9508,0.023154,1038.94,2346.5,28.349,IDLE,0.05664
35,Hunan Valin Xiangtan,2022,3,0.048733,7909,0.01926,1302.17,2882.0,22.846,IDLE,0.05664
35,Hunan Valin Xiangtan,2022,4,0.05352,8090,0.019701,1467.49,3388.5,18.825,IDLE,0.05664
35,Hunan Valin Xiangtan,2022,7,0.07622,11105,0.027043,1831.43,4861.0,16.345,ACTIVE,0.05664
35,Hunan Valin Xiangtan,2022,8,0.069619,10573,0.025747,1686.96,4184.5,17.724,ACTIVE,0.05664
35,Hunan Valin Xiangtan,2022,9,0.063626,9966,0.024269,1454.52,3528.5,18.7,ACTIVE,0.05664
35,Hunan Valin Xiangtan,2022,10,0.07043,11452,0.027888,1268.32,3154.5,17.126,ACTIVE,0.05664
35,Hunan Valin Xiangtan,2022,12,0.071497,11915,0.029015,1104.26,2724.75,17.735,ACTIVE,0.05664
35,Hunan Valin Xiangtan,2023,1,0.061726,11067,0.02695,1174.39,2653.25,14.474,ACTIVE,0.05664
35,Hunan Valin Xiangtan,2023,2,0.060292,10270,0.02501,1323.78,3065.0,20.778,ACTIVE,0.05664
35,Hunan Valin Xiangtan,2023,4,0.080747,10916,0.026583,1461.87,4531.5,19.559,ACTIVE,0.05664
35,Hunan Valin Xiangtan,2023,6,0.089242,10937,0.026634,1909.84,6002.0,11.701,ACTIVE,0.05664
35,Hunan Valin Xiangtan,2023,8,0.177801,23744,0.057822,2017.12,7131.08,9.912,ACTIVE,0.05664
35,Hunan Valin Xiangtan,2023,10,0.067527,10683,0.026015,1230.75,3081.87,21.142,ACTIVE,0.05664
35,Hunan Valin Xiangtan,2023,11,0.068354,11164,0.027187,1111.22,2759.75,24.24,ACTIVE,0.05664
35,Hunan Valin Xiangtan,2023,12,0.071935,11775,0.028675,1122.34,2802.25,17.424,ACTIVE,0.05664
35,Hunan Valin Xiangtan,2024,2,0.05403,8776,0.021371,1156.75,2701.5,23.866,IDLE,0.05664
35,Hunan Valin Xiangtan,2024,8,0.070177,10597,0.025806,1686.45,4290.08,17.255,ACTIVE,0.05664
35,Hunan Valin Xiangtan,2024,9,0.063412,10479,0.025519,1416.3,3340.5,19.18,ACTIVE,0.05664
35,Hunan Valin Xiangtan,2024,10,0.059589,9111,0.022187,1180.77,2882.58,21.959,ACTIVE,0.05664
35,Hunan Valin Xiangtan,2024,11,0.062447,10591,0.025791,1203.83,2840.44,23.73,ACTIVE,0.05664
35,Hunan Valin Xiangtan,2024,12,0.066606,10843,0.026405,1080.03,2639.75,21.919,ACTIVE,0.05664
36,Hunan Valin Lianyuan,2019,2,0.140675,21428,0.052182,1610.63,5010.5,9.367,ACTIVE,0.05664
36,Hunan Valin Lianyuan,2019,4,0.042976,10988,0.026758,1757.16,2785.5,12.479,IDLE,0.05664
36,Hunan Valin Lianyuan,2019,5,0.055135,12704,0.030937,1913.36,3454.25,16.055,IDLE,0.05664
36,Hunan Valin Lianyuan,2019,6,0.051945,11296,0.027508,1846.04,3335.0,25.474,IDLE,0.05664
36,Hunan Valin Lianyuan,2019,8,0.055671,13188,0.032115,1929.98,3374.5,13.61,IDLE,0.05664
36,Hunan Valin Lianyuan,2019,9,0.055927,13254,0.032276,1850.63,3264.9,12.097,IDLE,0.05664
36,Hunan Valin Lianyuan,2019,10,0.048022,12234,0.029792,1620.16,2630.5,8.606,IDLE,0.05664
36,Hunan Valin Lianyuan,2019,11,0.052055,12532,0.030518,1582.3,2723.0,8.342,IDLE,0.05664
36,Hunan Valin Lianyuan,2019,12,0.052724,11731,0.028567,1386.74,2532.29,10.998,IDLE,0.05664
36,Hunan Valin Lianyuan,2020,1,0.054858,11934,0.029062,1335.37,2514.0,16.933,IDLE,0.05664
36,Hunan Valin Lianyuan,2020,2,0.048007,10856,0.026437,1524.81,2712.5,28.468,IDLE,0.05664
36,Hunan Valin Lianyuan,2020,3,0.043511,10526,0.025633,1518.55,2522.5,15.895,IDLE,0.05664
36,Hunan Valin Lianyuan,2020,4,0.047591,11170,0.027201,1727.58,2951.5,14.828,IDLE,0.05664
36,Hunan Valin Lianyuan,2020,5,0.050476,11608,0.028268,1933.53,3356.5,23.967,IDLE,0.05664
36,Hunan Valin Lianyuan,2020,8,0.064382,14305,0.034836,1955.82,3694.5,19.086,ACTIVE,0.05664
36,Hunan Valin Lianyuan,2020,10,0.060859,13786,0.033572,1578.2,2936.5,8.173,ACTIVE,0.05664
36,Hunan Valin Lianyuan,2020,11,0.061364,13496,0.032866,1538.67,2958.75,8.588,ACTIVE,0.05664
36,Hunan Valin Lianyuan,2021,1,0.05791,12067,0.029386,1488.1,2956.5,9.43,ACTIVE,0.05664
36,Hunan Valin Lianyuan,2021,3,0.046174,11302,0.027523,1600.24,2665.5,22.682,IDLE,0.05664
36,Hunan Valin Lianyuan,2021,6,0.054913,12336,0.030041,2019.42,3651.29,24.914,IDLE,0.05664
36,Hunan Valin Lianyuan,2021,7,0.155236,25151,0.061248,2410.74,6890.5,8.136,ACTIVE,0.05664
36,Hunan Valin Lianyuan,2021,8,0.064125,14257,0.034719,1851.0,3535.0,22.839,ACTIVE,0.05664
36,Hunan Valin Lianyuan,2021,9,0.071548,16148,0.039324,1844.71,3545.9,14.456,ACTIVE,0.05664
36,Hunan Valin Lianyuan,2021,10,0.060808,14005,0.034105,1626.11,3023.0,9.032,ACTIVE,0.05664
36,Hunan Valin Lianyuan,2021,11,0.053767,12061,0.029371,1398.79,2607.5,17.094,IDLE,0.05664
36,Hunan Valin Lianyuan,2021,12,0.058176,12725,0.030988,1461.99,2792.0,21.504,ACTIVE,0.05664
36,Hunan Valin Lianyuan,2022,3,0.046338,11172,0.027206,1723.56,2904.98,10.019,IDLE,0.05664
36,Hunan Valin Lianyuan,2022,4,0.049956,11776,0.028677,1847.65,3198.29,21.006,IDLE,0.05664
36,Hunan Valin Lianyuan,2022,7,0.064395,13567,0.033038,1992.71,3927.0,21.187,ACTIVE,0.05664
36,Hunan Valin Lianyuan,2022,8,0.066794,14681,0.035751,2038.46,3944.0,20.751,ACTIVE,0.05664
36,Hunan Valin Lianyuan,2022,9,0.066568,13748,0.033479,2015.33,4215.0,9.07,ACTIVE,0.05664
36,Hunan Valin Lianyuan,2022,10,0.058721,12965,0.031572,1788.91,3402.0,8.192,ACTIVE,0.05664
36,Hunan Valin Lianyuan,2022,11,0.050262,11420,0.02781,1416.14,2553.5,11.43,IDLE,0.05664
36,Hunan Valin Lianyuan,2022,12,0.054875,12268,0.029875,1553.24,2853.0,20.008,IDLE,0.05664
36,Hunan Valin Lianyuan,2023,1,0.05165,11624,0.028307,1533.09,2783.5,20.503,IDLE,0.05664
36,Hunan Valin Lianyuan,2023,4,0.061037,11956,0.029115,1737.48,3812.0,16.107,ACTIVE,0.05664
36,Hunan Valin Lianyuan,2023,10,0.060747,14092,0.034317,1585.8,2897.0,8.902,ACTIVE,0.05664
36,Hunan Valin Lianyuan,2023,11,0.062336,13580,0.03307,1497.68,2883.0,9.593,ACTIVE,0.05664
36,Hunan Valin Lianyuan,2023,12,0.056776,12495,0.030428,1552.29,2916.5,20.529,ACTIVE,0.05664
36,Hunan Valin Lianyuan,2024,2,0.048435,11166,0.027192,1585.79,2790.58,10.16,IDLE,0.05664
36,Hunan Valin Lianyuan,2024,8,0.067344,14979,0.036477,2009.98,3866.0,17.737,ACTIVE,0.05664
36,Hunan Valin Lianyuan,2024,9,0.067535,15575,0.037928,1793.04,3330.5,10.097,ACTIVE,0.05664
36,Hunan Valin Lianyuan,2024,10,0.062771,14174,0.034517,1483.94,2782.0,15.168,ACTIVE,0.05664
37,Chongqing Steel,2019,3,0.049578,9009,0.021559,1111.24,2459.5,10.795,IDLE,0.05664
37,Chongqing Steel,2019,4,0.038898,7698,0.018422,1498.47,2970.0,9.596,IDLE,0.05664
37,Chongqing Steel,2019,6,0.036333,6771,0.016203,1644.7,3302.5,15.865,IDLE,0.05664
37,Chongqing Steel,2019,7,0.036342,6475,0.015495,1544.36,3270.0,14.768,IDLE,0.05664
37,Chongqing Steel,2019,8,0.035553,6486,0.015521,1496.72,3127.61,9.5,IDLE,0.05664
37,Chongqing Steel,2019,9,0.093256,13054,0.031239,1339.24,4239.11,8.42,ACTIVE,0.05664
37,Chongqing Steel,2020,3,0.048882,9270,0.022183,1156.48,2471.5,10.023,IDLE,0.05664
37,Chongqing Steel,2020,4,0.042448,8283,0.019822,1494.91,3090.0,9.545,IDLE,0.05664
37,Chongqing Steel,2020,5,0.04587,9450,0.022614,1586.75,3186.5,10.225,IDLE,0.05664
37,Chongqing Steel,2020,7,0.032487,5718,0.013683,1411.74,2933.11,14.863,IDLE,0.05664
37,Chongqing Steel,2020,8,0.033951,6013,0.014389,1442.6,3073.5,8.844,IDLE,0.05664
37,Chongqing Steel,2020,11,0.065082,10871,0.026015,936.41,2308.75,15.337,ACTIVE,0.05664
37,Chongqing Steel,2021,1,0.067382,11025,0.026383,898.17,2209.5,16.421,ACTIVE,0.05664
37,Chongqing Steel,2021,2,0.064628,10766,0.025763,990.11,2423.75,13.455,ACTIVE,0.05664
37,Chongqing Steel,2021,3,0.040415,7747,0.018539,1197.07,2450.5,9.946,IDLE,0.05664
37,Chongqing Steel,2021,8,0.031817,5873,0.014054,1567.8,3179.75,12.101,IDLE,0.05664
37,Chongqing Steel,2021,9,0.044474,7590,0.018163,1199.32,2754.5,18.874,IDLE,0.05664
37,Chongqing Steel,2021,10,0.054436,9093,0.02176,1209.21,2883.0,20.08,IDLE,0.05664
37,Chongqing Steel,2022,1,0.078417,12498,0.029908,872.9,2275.5,17.823,ACTIVE,0.05664
37,Chongqing Steel,2022,3,0.050097,9486,0.0227,1197.63,2564.0,11.33,IDLE,0.05664
37,Chongqing Steel,2022,4,0.031303,6388,0.015287,1475.46,2797.5,9.343,IDLE,0.05664
37,Chongqing Steel,2022,5,0.03163,5683,0.0136,1550.84,3215.0,15.72,IDLE,0.05664
37,Chongqing Steel,2022,7,0.030707,5727,0.013705,1628.28,3261.0,16.562,IDLE,0.05664
37,Chongqing Steel,2022,8,0.032912,6499,0.015552,1576.6,3117.0,9.762,IDLE,0.05664
37,Chongqing Steel,2022,9,0.039603,7472,0.017881,1360.18,2831.5,11.865,IDLE,0.05664
37,Chongqing Steel,2022,10,0.057276,9713,0.023244,1218.32,2900.0,20.69,ACTIVE,0.05664
37,Chongqing Steel,2022,11,0.068362,11944,0.028582,1127.96,2685.5,18.275,ACTIVE,0.05664
37,Chongqing Steel,2022,12,0.068114,11894,0.028463,1043.52,2445.0,27.29,ACTIVE,0.05664
37,Chongqing Steel,2023,1,0.069512,12782,0.030588,1111.53,2622.11,17.542,ACTIVE,0.05664
37,Chongqing Steel,2023,3,0.0441,8211,0.019649,1224.12,2607.0,14.981,IDLE,0.05664
37,Chongqing Steel,2023,7,0.031047,5684,0.013602,1639.6,3343.0,16.178,IDLE,0.05664
37,Chongqing Steel,2023,8,0.035426,6554,0.015684,1470.14,3084.75,9.301,IDLE,0.05664
37,Chongqing Steel,2023,9,0.040049,7228,0.017297,1391.74,3032.25,11.758,IDLE,0.05664
37,Chongqing Steel,2023,10,0.051956,8503,0.020348,1032.79,2489.3,12.054,IDLE,0.05664
37,Chongqing Steel,2023,11,0.079163,9356,0.022389,1036.32,3199.0,13.531,ACTIVE,0.05664
37,Chongqing Steel,2023,12,0.138237,12792,0.030612,1194.26,6146.0,14.487,ACTIVE,0.05664
37,Chongqing Steel,2024,2,0.065046,11061,0.026469,1010.37,2454.5,14.304,ACTIVE,0.05664
37,Chongqing Steel,2024,3,0.05068,10016,0.023969,1254.49,2660.0,10.427,IDLE,0.05664
37,Chongqing Steel,2024,5,0.053709,8985,0.021501,1756.26,4141.5,15.12,IDLE,0.05664
37,Chongqing Steel,2024,8,0.03236,6253,0.014964,1565.02,3155.86,8.353,IDLE,0.05664
37,Chongqing Steel,2024,9,0.057031,9309,0.022277,1473.05,3472.75,9.639,ACTIVE,0.05664
38,Panzhihua Steel,2019,1,0.069633,13424,0.033085,1126.28,2408.0,10.011,ACTIVE,0.05664
38,Panzhihua Steel,2019,2,0.065669,12822,0.031601,1275.5,2703.5,7.834,ACTIVE,0.05664
38,Panzhihua Steel,2019,3,0.056316,11885,0.029292,1480.16,2845.5,12.419,IDLE,0.05664
38,Panzhihua Steel,2019,4,0.05034,10465,0.025792,1692.72,3163.5,21.214,IDLE,0.05664
38,Panzhihua Steel,2019,5,0.049528,10385,0.025595,1806.55,3323.38,21.253,IDLE,0.05664
38,Panzhihua Steel,2019,8,0.05954,11642,0.028693,1574.93,3192.5,25.095,ACTIVE,0.05664
38,Panzhihua Steel,2019,11,0.067829,13497,0.033264,1181.33,2483.0,9.074,ACTIVE,0.05664
38,Panzhihua Steel,2019,12,0.067447,13242,0.032636,1160.67,2439.25,10.714,ACTIVE,0.05664
38,Panzhihua Steel,2020,1,0.067252,12831,0.031623,1189.68,2557.25,13.327,ACTIVE,0.05664
38,Panzhihua Steel,2020,2,0.0615,12480,0.030758,1309.34,2652.5,7.544,ACTIVE,0.05664
38,Panzhihua Steel,2020,3,0.05127,10974,0.027046,1497.2,2823.5,12.345,IDLE,0.05664
38,Panzhihua Steel,2020,4,0.045058,9566,0.023576,1707.72,3096.0,20.953,IDLE,0.05664
38,Panzhihua Steel,2020,5,0.0515,10578,0.02607,1865.06,3487.25,20.167,IDLE,0.05664
38,Panzhihua Steel,2020,6,0.052332,10415,0.025669,1862.36,3555.5,20.321,IDLE,0.05664
38,Panzhihua Steel,2020,8,0.051287,10410,0.025656,1562.25,2958.0,27.778,IDLE,0.05664
38,Panzhihua Steel,2020,11,0.070482,13944,0.034366,1154.39,2466.5,7.967,ACTIVE,0.05664
38,Panzhihua Steel,2020,12,0.075718,14109,0.034773,1130.92,2575.5,9.611,ACTIVE,0.05664
38,Panzhihua Steel,2021,1,0.076537,14721,0.036281,1178.6,2607.0,8.85,ACTIVE,0.05664
38,Panzhihua Steel,2021,2,0.073659,14136,0.034839,1277.64,2832.75,8.239,ACTIVE,0.05664
38,Panzhihua Steel,2021,3,0.062823,13198,0.032528,1517.68,3038.0,8.94,ACTIVE,0.05664
38,Panzhihua Steel,2021,4,0.057212,12204,0.030078,1669.44,3207.5,20.685,ACTIVE,0.05664
38,Panzhihua Steel,2021,5,0.054496,11272,0.027781,1831.55,3459.0,22.542,IDLE,0.05664
38,Panzhihua Steel,2021,7,0.06453,11781,0.029035,1656.92,3640.0,22.973,ACTIVE,0.05664
38,Panzhihua Steel,2021,8,0.057866,11649,0.02871,1622.04,3193.25,26.371,ACTIVE,0.05664
38,Panzhihua Steel,2021,9,0.068362,13799,0.034009,1419.64,2969.5,15.513,ACTIVE,0.05664
38,Panzhihua Steel,2021,10,0.071989,14450,0.035613,1323.17,2777.75,9.696,ACTIVE,0.05664
38,Panzhihua Steel,2021,11,0.07416,14551,0.035862,1227.92,2640.5,7.323,ACTIVE,0.05664
38,Panzhihua Steel,2021,12,0.080364,15461,0.038105,1173.67,2569.0,7.826,ACTIVE,0.05664
38,Panzhihua Steel,2022,1,0.079953,15511,0.038228,1206.46,2619.0,7.508,ACTIVE,0.05664
38,Panzhihua Steel,2022,2,0.074888,14979,0.036917,1342.23,2812.0,8.032,ACTIVE,0.05664
38,Panzhihua Steel,2022,3,0.068706,14598,0.035978,1505.0,2945.25,9.72,ACTIVE,0.05664
38,Panzhihua Steel,2022,4,0.058591,12522,0.030862,1708.94,3188.0,24.378,ACTIVE,0.05664
38,Panzhihua Steel,2022,7,0.056491,11223,0.02766,1685.33,3323.0,24.404,IDLE,0.05664
38,Panzhihua Steel,2022,10,0.06386,12931,0.03187,1240.39,2532.0,12.087,ACTIVE,0.05664
38,Panzhihua Steel,2022,11,0.067902,13156,0.032424,1169.45,2491.5,7.796,ACTIVE,0.05664
38,Panzhihua Steel,2022,12,0.071009,13630,0.033592,1148.55,2495.5,8.321,ACTIVE,0.05664
38,Panzhihua Steel,2023,1,0.074678,14150,0.034874,1168.18,2583.88,8.047,ACTIVE,0.05664
38,Panzhihua Steel,2023,2,0.068379,13198,0.032528,1308.46,2791.66,10.101,ACTIVE,0.05664
38,Panzhihua Steel,2023,3,0.058955,12071,0.02975,1570.22,3115.0,11.402,ACTIVE,0.05664
38,Panzhihua Steel,2023,4,0.057107,11822,0.029136,1718.19,3363.5,17.921,ACTIVE,0.05664
38,Panzhihua Steel,2023,5,0.052644,10633,0.026206,1911.78,3702.25,19.945,IDLE,0.05664
38,Panzhihua Steel,2023,6,0.066342,12843,0.031653,1934.0,4011.51,18.705,ACTIVE,0.05664
38,Panzhihua Steel,2023,7,0.057209,10925,0.026926,1714.42,3532.0,23.488,ACTIVE,0.05664
38,Panzhihua Steel,2023,10,0.06602,13144,0.032394,1285.36,2704.75,10.233,ACTIVE,0.05664
38,Panzhihua Steel,2023,11,0.06919,13239,0.032629,1202.06,2638.5,10.223,ACTIVE,0.05664
38,Panzhihua Steel,2023,12,0.07377,13801,0.034014,1214.28,2725.75,8.81,ACTIVE,0.05664
38,Panzhihua Steel,2024,1,0.07111,13363,0.032934,1228.11,2729.5,8.004,ACTIVE,0.05664
38,Panzhihua Steel,2024,2,0.068688,13309,0.032801,1348.92,2887.0,10.759,ACTIVE,0.05664
38,Panzhihua Steel,2024,3,0.059094,12180,0.030019,1583.5,3139.75,15.427,ACTIVE,0.05664
38,Panzhihua Steel,2024,4,0.052794,11166,0.02752,1744.78,3288.0,19.589,IDLE,0.05664
38,Panzhihua Steel,2024,5,0.052398,10701,0.026374,1965.13,3721.75,19.714,IDLE,0.05664
38,Panzhihua Steel,2024,8,0.051164,10135,0.024979,1610.01,3111.25,27.435,IDLE,0.05664
38,Panzhihua Steel,2024,9,0.065646,13369,0.032949,1437.82,2924.0,18.977,ACTIVE,0.05664
38,Panzhihua Steel,2024,11,0.072607,13914,0.034292,1173.27,2564.5,11.904,ACTIVE,0.05664
38,Panzhihua Steel,2024,12,0.075799,14393,0.035473,1159.45,2581.0,9.387,ACTIVE,0.05664
39,Kunming Steel,2019,1,0.088907,17137,0.042736,1369.49,3034.75,8.393,ACTIVE,0.05664
39,Kunming Steel,2019,2,0.084838,16983,0.042352,1526.27,3239.26,7.651,ACTIVE,0.05664
39,Kunming Steel,2019,3,0.078897,16928,0.042215,1725.72,3398.51,7.6,ACTIVE,0.05664
39,Kunming Steel,2019,4,0.070469,16437,0.040991,2044.94,3676.5,8.561,ACTIVE,0.05664
39,Kunming Steel,2019,5,0.058164,13460,0.033567,2353.49,4098.54,17.52,ACTIVE,0.05664
39,Kunming Steel,2019,8,0.236583,19629,0.048951,1262.69,6802.01,8.138,ACTIVE,0.05664
39,Kunming Steel,2019,9,0.097364,18384,0.045846,2198.43,4865.76,6.387,ACTIVE,0.05664
39,Kunming Steel,2019,10,0.099648,18726,0.046699,1648.8,3800.28,6.549,ACTIVE,0.05664
39,Kunming Steel,2019,11,0.085019,16954,0.04228,1425.34,3024.75,13.511,ACTIVE,0.05664
39,Kunming Steel,2019,12,0.09058,17278,0.043088,1311.55,2924.51,9.613,ACTIVE,0.05664
39,Kunming Steel,2020,1,0.082974,15896,0.039641,1350.99,2957.26,11.5,ACTIVE,0.05664
39,Kunming Steel,2020,2,0.080631,16294,0.040634,1510.42,3147.0,7.735,ACTIVE,0.05664
39,Kunming Steel,2020,3,0.074492,16162,0.040305,1749.55,3369.25,7.304,ACTIVE,0.05664
39,Kunming Steel,2020,4,0.067031,16034,0.039986,2007.0,3494.0,8.083,ACTIVE,0.05664
39,Kunming Steel,2020,5,0.058005,13368,0.033337,2348.81,4128.75,17.901,ACTIVE,0.05664
39,Kunming Steel,2020,6,0.105588,9657,0.024083,1652.83,6687.01,7.354,ACTIVE,0.05664
39,Kunming Steel,2020,8,0.110439,10133,0.02527,1109.53,4418.35,11.283,ACTIVE,0.05664
39,Kunming Steel,2020,10,0.076162,16080,0.0401,1576.08,3140.0,11.037,ACTIVE,0.05664
39,Kunming Steel,2020,11,0.087245,16946,0.04226,1369.6,3002.5,8.261,ACTIVE,0.05664
39,Kunming Steel,2020,12,0.089027,16895,0.042133,1316.42,2954.01,9.712,ACTIVE,0.05664
39,Kunming Steel,2021,1,0.087222,16790,0.041871,1357.42,2985.75,7.909,ACTIVE,0.05664
39,Kunming Steel,2021,2,0.082986,16584,0.041357,1490.25,3136.25,7.888,ACTIVE,0.05664
39,Kunming Steel,2021,3,0.075818,16539,0.041245,1717.79,3315.75,7.318,ACTIVE,0.05664
39,Kunming Steel,2021,4,0.065942,13916,0.034704,2049.14,3944.01,18.817,ACTIVE,0.05664
39,Kunming Steel,2021,5,0.064749,14233,0.035494,2451.87,4605.53,14.999,ACTIVE,0.05664
39,Kunming Steel,2021,6,0.171573,11460,0.028579,1149.56,6713.0,8.283,ACTIVE,0.05664
39,Kunming Steel,2021,8,0.270503,20348,0.050744,1179.88,7042.0,8.176,ACTIVE,0.05664
39,Kunming Steel,2021,9,0.094484,18815,0.046921,1879.54,4090.25,7.004,ACTIVE,0.05664
39,Kunming Steel,2021,10,0.079615,15842,0.039507,1505.23,3192.51,12.036,ACTIVE,0.05664
39,Kunming Steel,2021,11,0.098162,13869,0.034586,1489.3,4697.25,7.555,ACTIVE,0.05664
39,Kunming Steel,2021,12,0.136906,14169,0.035335,683.71,2774.53,10.206,ACTIVE,0.05664
39,Kunming Steel,2022,1,0.144543,21559,0.053764,1790.05,5554.5,6.444,ACTIVE,0.05664
39,Kunming Steel,2022,2,0.082469,16157,0.040292,1457.61,3143.75,7.908,ACTIVE,0.05664
39,Kunming Steel,2022,3,0.077255,16197,0.040392,1648.2,3312.0,10.707,ACTIVE,0.05664
39,Kunming Steel,2022,4,0.067087,15134,0.037741,1968.38,3623.03,13.376,ACTIVE,0.05664
39,Kunming Steel,2022,10,0.089894,17227,0.042961,1560.83,3531.25,13.905,ACTIVE,0.05664
39,Kunming Steel,2022,11,0.087697,16450,0.041023,1339.91,3074.78,11.474,ACTIVE,0.05664
39,Kunming Steel,2022,12,0.100493,17255,0.04303,1322.73,3345.0,22.575,ACTIVE,0.05664
39,Kunming Steel,2023,1,0.09034,16656,0.041537,1278.57,2988.25,19.636,ACTIVE,0.05664
39,Kunming Steel,2023,2,0.086474,16441,0.041001,1375.54,3089.5,9.448,ACTIVE,0.05664
39,Kunming Steel,2023,3,0.076985,16227,0.040467,1662.77,3356.75,10.527,ACTIVE,0.05664
39,Kunming Steel,2023,4,0.0721,15927,0.039719,1898.75,3624.25,9.385,ACTIVE,0.05664
39,Kunming Steel,2023,5,0.067745,11958,0.029821,2410.47,5098.51,13.854,ACTIVE,0.05664
39,Kunming Steel,2023,7,0.155975,10539,0.026282,1104.12,6037.34,9.497,ACTIVE,0.05664
39,Kunming Steel,2023,9,0.068588,13841,0.034517,1938.75,3881.0,14.931,ACTIVE,0.05664
39,Kunming Steel,2023,10,0.082216,15547,0.038771,1523.31,3405.25,20.022,ACTIVE,0.05664
39,Kunming Steel,2023,11,0.085513,16438,0.040993,1409.05,3123.25,15.537,ACTIVE,0.05664
39,Kunming Steel,2023,12,0.206918,23238,0.057951,1080.75,4305.5,8.826,ACTIVE,0.05664
39,Kunming Steel,2024,1,0.092636,16699,0.041644,1243.8,2963.0,10.964,ACTIVE,0.05664
39,Kunming Steel,2024,2,0.084724,16430,0.040973,1428.14,3129.03,9.691,ACTIVE,0.05664
39,Kunming Steel,2024,3,0.076856,15987,0.039868,1650.82,3349.0,11.941,ACTIVE,0.05664
39,Kunming Steel,2024,4,0.068813,14888,0.037128,1975.77,3795.0,19.496,ACTIVE,0.05664
39,Kunming Steel,2024,11,0.088672,16636,0.041487,1316.73,2987.25,18.663,ACTIVE,0.05664
39,Kunming Steel,2024,12,0.089967,16402,0.040903,1268.7,2951.5,25.676,ACTIVE,0.05664
40,Hangzhou Iron & Steel,2019,1,0.079407,15296,0.036342,1008.3,2249.02,18.876,ACTIVE,0.05664
40,Hangzhou Iron & Steel,2019,3,0.069329,13838,0.032878,1208.37,2607.0,17.837,ACTIVE,0.05664
40,Hangzhou Iron & Steel,2019,4,0.076941,15949,0.037893,1387.32,2805.25,26.84,ACTIVE,0.05664
40,Hangzhou Iron & Steel,2019,5,0.075456,16432,0.039041,1573.53,3064.5,16.867,ACTIVE,0.05664
40,Hangzhou Iron & Steel,2019,6,0.060567,12463,0.029611,1624.37,3226.25,20.448,ACTIVE,0.05664
40,Hangzhou Iron & Steel,2019,8,0.078233,16911,0.040179,1550.08,3067.25,15.479,ACTIVE,0.05664
40,Hangzhou Iron & Steel,2019,9,0.103837,16524,0.039259,1522.36,4596.25,7.704,ACTIVE,0.05664
40,Hangzhou Iron & Steel,2019,10,0.085059,17563,0.041728,1223.18,2590.04,30.357,ACTIVE,0.05664
40,Hangzhou Iron & Steel,2019,11,0.102546,19832,0.047119,1123.13,2582.27,21.005,ACTIVE,0.05664
40,Hangzhou Iron & Steel,2019,12,0.09233,17033,0.040469,1060.56,2450.77,28.38,ACTIVE,0.05664
40,Hangzhou Iron & Steel,2020,2,0.083855,17216,0.040903,1166.65,2471.0,15.211,ACTIVE,0.05664
40,Hangzhou Iron & Steel,2020,3,0.087089,18100,0.043004,1279.1,2662.0,23.598,ACTIVE,0.05664
40,Hangzhou Iron & Steel,2020,4,0.081624,17444,0.041445,1396.35,2810.77,15.913,ACTIVE,0.05664
40,Hangzhou Iron & Steel,2020,5,0.075567,16844,0.04002,1530.59,2925.25,19.437,ACTIVE,0.05664
40,Hangzhou Iron & Steel,2020,7,0.066957,13548,0.032189,1488.72,3046.0,17.357,ACTIVE,0.05664
40,Hangzhou Iron & Steel,2020,8,0.080044,17074,0.040566,1510.96,3039.5,13.677,ACTIVE,0.05664
40,Hangzhou Iron & Steel,2020,9,0.074727,14507,0.034467,1387.55,2955.25,23.644,ACTIVE,0.05664
40,Hangzhou Iron & Steel,2020,10,0.101081,13639,0.032405,1183.7,3975.5,20.297,ACTIVE,0.05664
40,Hangzhou Iron & Steel,2020,11,0.085028,16836,0.040001,1112.24,2418.5,18.719,ACTIVE,0.05664
40,Hangzhou Iron & Steel,2020,12,0.076826,13769,0.032714,974.87,2256.0,29.82,ACTIVE,0.05664
40,Hangzhou Iron & Steel,2021,1,0.097807,19215,0.045653,1039.52,2324.5,17.984,ACTIVE,0.05664
40,Hangzhou Iron & Steel,2021,2,0.088695,16880,0.040105,1044.51,2365.0,20.664,ACTIVE,0.05664
40,Hangzhou Iron & Steel,2021,3,0.073205,16132,0.038328,1251.08,2418.5,19.969,ACTIVE,0.05664
40,Hangzhou Iron & Steel,2021,5,0.08282,17987,0.042735,1522.29,3075.25,14.317,ACTIVE,0.05664
40,Hangzhou Iron & Steel,2021,7,0.067057,15391,0.036567,1530.17,2899.79,13.84,ACTIVE,0.05664
40,Hangzhou Iron & Steel,2021,8,0.079205,15779,0.037489,1386.21,2986.75,23.233,ACTIVE,0.05664
40,Hangzhou Iron & Steel,2021,9,0.071819,16315,0.038763,1360.73,2573.5,12.736,ACTIVE,0.05664
40,Hangzhou Iron & Steel,2021,10,0.081721,16377,0.03891,1170.69,2508.77,17.746,ACTIVE,0.05664
40,Hangzhou Iron & Steel,2021,11,0.080112,14859,0.035303,995.37,2297.75,22.177,ACTIVE,0.05664
40,Hangzhou Iron & Steel,2021,12,0.086225,15236,0.036199,980.95,2360.25,29.778,ACTIVE,0.05664
40,Hangzhou Iron & Steel,2022,1,0.095712,18386,0.043683,1015.42,2335.75,18.989,ACTIVE,0.05664
40,Hangzhou Iron & Steel,2022,2,0.07865,16150,0.038371,1198.93,2510.54,13.111,ACTIVE,0.05664
40,Hangzhou Iron & Steel,2022,3,0.070073,14595,0.034676,1202.23,2432.0,18.262,ACTIVE,0.05664
40,Hangzhou Iron & Steel,2022,4,0.068468,14029,0.033331,1319.22,2674.5,26.092,ACTIVE,0.05664
40,Hangzhou Iron & Steel,2022,5,0.068434,13978,0.03321,1452.29,2991.75,26.461,ACTIVE,0.05664
40,Hangzhou Iron & Steel,2022,7,0.060512,12817,0.030452,1535.87,3018.57,27.356,ACTIVE,0.05664
40,Hangzhou Iron & Steel,2022,8,0.116055,22084,0.052469,1961.21,4609.25,8.424,ACTIVE,0.05664
40,Hangzhou Iron & Steel,2022,9,0.073526,14895,0.035389,1230.33,2583.54,12.979,ACTIVE,0.05664
40,Hangzhou Iron & Steel,2022,10,0.048165,9484,0.022533,2109.82,4459.25,4.652,IDLE,0.05664
40,Hangzhou Iron & Steel,2022,12,0.083045,14038,0.033353,959.25,2410.0,29.65,ACTIVE,0.05664
40,Hangzhou Iron & Steel,2023,1,0.092009,16496,0.039193,967.52,2379.0,16.689,ACTIVE,0.05664
40,Hangzhou Iron & Steel,2023,2,0.088391,16437,0.039053,1065.04,2501.5,13.317,ACTIVE,0.05664
40,Hangzhou Iron & Steel,2023,3,0.086736,17073,0.040564,1163.11,2584.5,15.086,ACTIVE,0.05664
40,Hangzhou Iron & Steel,2023,4,0.217241,28063,0.066675,1620.69,6148.25,11.097,ACTIVE,0.05664
40,Hangzhou Iron & Steel,2023,5,0.047703,11308,0.026867,1658.21,2828.0,24.13,IDLE,0.05664
40,Hangzhou Iron & Steel,2023,6,0.070114,13831,0.032861,1642.24,3459.5,22.685,ACTIVE,0.05664
40,Hangzhou Iron & Steel,2023,8,0.146478,21065,0.050048,1616.18,5506.0,14.386,ACTIVE,0.05664
40,Hangzhou Iron & Steel,2023,9,0.082449,16113,0.038283,1319.41,2900.02,25.048,ACTIVE,0.05664
40,Hangzhou Iron & Steel,2023,10,0.082052,15435,0.036672,1111.12,2511.0,24.828,ACTIVE,0.05664
40,Hangzhou Iron & Steel,2023,11,0.091309,16278,0.038675,994.73,2455.75,19.523,ACTIVE,0.05664
40,Hangzhou Iron & Steel,2023,12,0.089149,15401,0.036591,1042.98,2706.5,21.652,ACTIVE,0.05664
40,Hangzhou Iron & Steel,2024,1,0.102634,17423,0.041395,980.51,2689.5,15.09,ACTIVE,0.05664
40,Hangzhou Iron & Steel,2024,2,0.096814,16510,0.039226,1032.01,2778.77,11.794,ACTIVE,0.05664
40,Hangzhou Iron & Steel,2024,3,0.08496,15679,0.037252,1145.65,2795.25,13.087,ACTIVE,0.05664
40,Hangzhou Iron & Steel,2024,5,0.07188,14071,0.033431,1563.96,3319.77,21.598,ACTIVE,0.05664
40,Hangzhou Iron & Steel,2024,7,0.076095,14901,0.035403,1517.34,3273.5,23.564,ACTIVE,0.05664
40,Hangzhou Iron & Steel,2024,8,0.148531,25622,0.060875,1777.16,4748.77,13.215,ACTIVE,0.05664
40,Hangzhou Iron & Steel,2024,10,0.236428,29484,0.070051,1642.49,6411.0,7.21,ACTIVE,0.05664
40,Hangzhou Iron & Steel,2024,11,0.081561,15343,0.036453,1022.4,2331.0,18.201,ACTIVE,0.05664
40,Hangzhou Iron & Steel,2024,12,0.088481,15766,0.037458,968.15,2377.5,31.448,ACTIVE,0.05664
41,Nanjing Iron & Steel,2019,1,0.076393,14789,0.034543,1407.46,3284.0,14.577,ACTIVE,0.05664
41,Nanjing Iron & Steel,2019,4,0.069126,13406,0.031313,1811.26,4183.03,13.452,ACTIVE,0.05664
41,Nanjing Iron & Steel,2019,5,0.071616,11825,0.02762,1975.82,4702.07,15.472,ACTIVE,0.05664
41,Nanjing Iron & Steel,2019,7,0.104154,19936,0.046565,2170.99,5295.75,12.526,ACTIVE,0.05664
41,Nanjing Iron & Steel,2019,9,0.073415,13619,0.03181,1634.84,4033.5,15.339,ACTIVE,0.05664
41,Nanjing Iron & Steel,2019,10,0.064146,13485,0.031497,1631.21,3455.5,9.655,ACTIVE,0.05664
41,Nanjing Iron & Steel,2019,11,0.070878,14692,0.034317,1499.29,3230.0,11.038,ACTIVE,0.05664
41,Nanjing Iron & Steel,2019,12,0.076264,14004,0.03271,1337.69,3277.25,14.241,ACTIVE,0.05664
41,Nanjing Iron & Steel,2020,2,0.069766,13711,0.032025,1195.22,2775.5,14.305,ACTIVE,0.05664
41,Nanjing Iron & Steel,2020,3,0.066426,13008,0.030383,1576.28,3675.21,15.228,ACTIVE,0.05664
41,Nanjing Iron & Steel,2020,4,0.072217,13257,0.030965,1784.15,4220.36,19.555,ACTIVE,0.05664
41,Nanjing Iron & Steel,2020,6,0.084882,12803,0.029904,1924.14,5213.5,14.334,ACTIVE,0.05664
41,Nanjing Iron & Steel,2020,7,0.075557,11908,0.027814,1799.52,4746.5,17.429,ACTIVE,0.05664
41,Nanjing Iron & Steel,2020,8,0.090759,17949,0.041924,2164.41,4876.0,10.211,ACTIVE,0.05664
41,Nanjing Iron & Steel,2020,9,0.072494,12841,0.029993,1660.98,4199.25,15.303,ACTIVE,0.05664
41,Nanjing Iron & Steel,2020,10,0.072744,13823,0.032287,1400.17,3324.0,25.262,ACTIVE,0.05664
41,Nanjing Iron & Steel,2020,11,0.07974,15207,0.03552,1417.36,3314.25,16.792,ACTIVE,0.05664
41,Nanjing Iron & Steel,2020,12,0.069821,12551,0.029316,1314.72,3172.75,23.488,ACTIVE,0.05664
41,Nanjing Iron & Steel,2021,1,0.075252,13436,0.031383,1154.63,2878.5,22.335,ACTIVE,0.05664
41,Nanjing Iron & Steel,2021,2,0.069395,13128,0.030664,1492.13,3476.0,19.981,ACTIVE,0.05664
41,Nanjing Iron & Steel,2021,3,0.074453,13751,0.032119,1441.8,3580.0,13.604,ACTIVE,0.05664
41,Nanjing Iron & Steel,2021,4,0.069279,12677,0.02961,1640.34,4014.0,21.252,ACTIVE,0.05664
41,Nanjing Iron & Steel,2021,5,0.073263,11804,0.027571,1801.92,4620.0,16.68,ACTIVE,0.05664
41,Nanjing Iron & Steel,2021,6,0.07851,12264,0.028646,1929.64,4955.5,14.451,ACTIVE,0.05664
41,Nanjing Iron & Steel,2021,7,0.0823,12039,0.02812,1759.68,4987.0,15.736,ACTIVE,0.05664
41,Nanjing Iron & Steel,2021,8,0.129905,19650,0.045897,1885.28,6112.5,13.537,ACTIVE,0.05664
41,Nanjing Iron & Steel,2021,9,0.07636,14211,0.033193,1585.26,3907.25,13.319,ACTIVE,0.05664
41,Nanjing Iron & Steel,2021,10,0.07697,14221,0.033217,1481.78,3671.75,13.164,ACTIVE,0.05664
41,Nanjing Iron & Steel,2021,11,0.077174,14415,0.03367,1358.75,3256.75,12.328,ACTIVE,0.05664
41,Nanjing Iron & Steel,2021,12,0.073777,13842,0.032331,1357.51,3187.0,14.691,ACTIVE,0.05664
41,Nanjing Iron & Steel,2022,2,0.06793,12660,0.02957,1387.57,3287.75,16.181,ACTIVE,0.05664
41,Nanjing Iron & Steel,2022,3,0.060394,12301,0.028732,1617.12,3502.0,14.01,ACTIVE,0.05664
41,Nanjing Iron & Steel,2022,4,0.070444,13039,0.030456,1739.63,4157.0,11.969,ACTIVE,0.05664
41,Nanjing Iron & Steel,2022,5,0.07638,11490,0.026838,1911.93,5152.0,14.474,ACTIVE,0.05664
41,Nanjing Iron & Steel,2022,6,0.078611,11827,0.027625,1984.21,5254.0,14.227,ACTIVE,0.05664
41,Nanjing Iron & Steel,2022,7,0.132494,19476,0.045491,2103.58,6648.5,10.382,ACTIVE,0.05664
41,Nanjing Iron & Steel,2022,8,0.211009,30402,0.071011,2295.81,7676.0,5.922,ACTIVE,0.05664
41,Nanjing Iron & Steel,2022,10,0.076884,14086,0.032901,1449.62,3529.5,15.709,ACTIVE,0.05664
41,Nanjing Iron & Steel,2022,11,0.074134,13571,0.031698,1385.59,3310.25,15.818,ACTIVE,0.05664
41,Nanjing Iron & Steel,2022,12,0.066303,12267,0.028653,1309.12,3044.0,15.291,ACTIVE,0.05664
41,Nanjing Iron & Steel,2023,1,0.06668,12826,0.029958,1351.49,3041.0,16.326,ACTIVE,0.05664
41,Nanjing Iron & Steel,2023,2,0.071152,13189,0.030806,1390.88,3303.0,13.966,ACTIVE,0.05664
41,Nanjing Iron & Steel,2023,3,0.062474,12193,0.02848,1502.38,3347.0,17.745,ACTIVE,0.05664
41,Nanjing Iron & Steel,2023,4,0.065293,13884,0.032429,1802.72,3790.5,12.762,ACTIVE,0.05664
41,Nanjing Iron & Steel,2023,5,0.075296,11529,0.026929,1813.94,4905.0,14.489,ACTIVE,0.05664
41,Nanjing Iron & Steel,2023,6,0.076618,12748,0.029776,1911.57,4948.0,16.058,ACTIVE,0.05664
41,Nanjing Iron & Steel,2023,7,0.081145,12203,0.028503,1898.65,5173.5,14.278,ACTIVE,0.05664
41,Nanjing Iron & Steel,2023,9,0.077169,13747,0.032109,1515.14,3833.7,14.46,ACTIVE,0.05664
41,Nanjing Iron & Steel,2023,10,0.081072,14667,0.034258,1375.16,3418.75,14.139,ACTIVE,0.05664
41,Nanjing Iron & Steel,2023,11,0.073214,14197,0.03316,1298.57,2959.0,13.679,ACTIVE,0.05664
41,Nanjing Iron & Steel,2023,12,0.072386,13327,0.031128,1257.99,2967.46,13.925,ACTIVE,0.05664
41,Nanjing Iron & Steel,2024,1,0.0709,12859,0.030035,1321.52,3138.5,22.232,ACTIVE,0.05664
41,Nanjing Iron & Steel,2024,2,0.071103,13328,0.031131,1436.37,3363.42,23.855,ACTIVE,0.05664
41,Nanjing Iron & Steel,2024,4,0.068703,12271,0.028662,1580.08,3863.0,22.146,ACTIVE,0.05664
41,Nanjing Iron & Steel,2024,5,0.072745,11240,0.026254,1907.76,5004.5,15.706,ACTIVE,0.05664
41,Nanjing Iron & Steel,2024,7,0.074718,11215,0.026195,1841.88,5009.0,15.015,ACTIVE,0.05664
41,Nanjing Iron & Steel,2024,8,0.083111,13649,0.031881,1642.15,4423.49,18.896,ACTIVE,0.05664
41,Nanjing Iron & Steel,2024,9,0.11473,16410,0.038329,1554.04,5304.0,10.566,ACTIVE,0.05664
41,Nanjing Iron & Steel,2024,10,0.080382,14619,0.034146,1389.8,3414.5,14.289,ACTIVE,0.05664
41,Nanjing Iron & Steel,2024,11,0.084134,14710,0.034359,1212.65,3078.5,14.77,ACTIVE,0.05664
41,Nanjing Iron & Steel,2024,12,0.076651,14225,0.033226,1258.12,2954.5,15.91,ACTIVE,0.05664
42,Yongfeng Steel,2019,1,0.030114,9499,0.020673,2405.36,3237.0,18.987,IDLE,0.05664
42,Yongfeng Steel,2019,2,0.403813,35369,0.076975,476.56,2653.5,4.337,ACTIVE,0.05664
42,Yongfeng Steel,2019,3,0.03688,10631,0.023137,2339.34,3549.0,8.592,IDLE,0.05664
42,Yongfeng Steel,2019,4,0.036152,9291,0.02022,2251.58,3720.0,7.836,IDLE,0.05664
42,Yongfeng Steel,2019,5,0.057203,10681,0.023246,1898.27,4205.0,13.012,ACTIVE,0.05664
42,Yongfeng Steel,2019,6,0.028077,6973,0.015176,2454.52,3864.75,13.411,IDLE,0.05664
42,Yongfeng Steel,2019,7,0.019316,4541,0.009883,3108.93,4430.0,14.669,IDLE,0.05664
42,Yongfeng Steel,2019,8,0.091789,18359,0.039956,1500.73,3592.25,12.967,ACTIVE,0.05664
42,Yongfeng Steel,2019,9,0.086704,19766,0.043018,1610.38,3442.5,8.773,ACTIVE,0.05664
42,Yongfeng Steel,2019,10,0.020478,5456,0.011874,2261.39,3355.0,11.905,IDLE,0.05664
42,Yongfeng Steel,2019,11,0.038223,11447,0.024913,2243.51,3304.0,9.087,IDLE,0.05664
42,Yongfeng Steel,2019,12,0.039,12010,0.026138,2252.84,3247.5,9.315,IDLE,0.05664
42,Yongfeng Steel,2020,1,0.037021,11547,0.02513,2238.4,3165.0,9.681,IDLE,0.05664
42,Yongfeng Steel,2020,2,0.03371,10463,0.022771,2330.05,3267.0,9.267,IDLE,0.05664
42,Yongfeng Steel,2020,3,0.035966,9365,0.020381,1996.53,3276.0,7.267,IDLE,0.05664
42,Yongfeng Steel,2020,4,0.067117,12827,0.027916,1637.36,3741.5,10.276,ACTIVE,0.05664
42,Yongfeng Steel,2020,5,0.058875,10498,0.022847,1639.33,3775.04,11.696,ACTIVE,0.05664
42,Yongfeng Steel,2020,6,0.063992,13622,0.029646,1951.56,4044.01,15.788,ACTIVE,0.05664
42,Yongfeng Steel,2020,7,0.028935,6216,0.013528,2783.04,4677.0,15.623,IDLE,0.05664
42,Yongfeng Steel,2020,8,0.090056,19448,0.042326,1520.92,3435.0,11.484,ACTIVE,0.05664
42,Yongfeng Steel,2020,9,0.077635,18754,0.040815,1545.07,3089.5,12.578,ACTIVE,0.05664
42,Yongfeng Steel,2020,10,0.010068,2741,0.005965,2550.95,3484.25,5.452,IDLE,0.05664
42,Yongfeng Steel,2020,11,0.027781,8447,0.018384,2367.9,3316.0,7.96,IDLE,0.05664
42,Yongfeng Steel,2020,12,0.038989,11735,0.025539,2120.46,3072.5,9.585,IDLE,0.05664
42,Yongfeng Steel,2021,1,0.030119,9756,0.021232,2431.07,3232.5,9.158,IDLE,0.05664
42,Yongfeng Steel,2021,2,0.022817,7552,0.016436,2599.92,3287.0,9.557,IDLE,0.05664
42,Yongfeng Steel,2021,3,0.042679,10304,0.022425,1848.68,3264.25,12.163,IDLE,0.05664
42,Yongfeng Steel,2021,4,0.063443,13443,0.029257,1620.97,3395.5,8.617,ACTIVE,0.05664
42,Yongfeng Steel,2021,5,0.071453,13423,0.029213,1622.53,3803.53,10.856,ACTIVE,0.05664
42,Yongfeng Steel,2021,6,0.01989,4702,0.010233,2987.05,4282.5,17.882,IDLE,0.05664
42,Yongfeng Steel,2021,7,0.073138,15104,0.032872,1770.18,3895.0,15.187,ACTIVE,0.05664
42,Yongfeng Steel,2021,8,0.100003,20187,0.043934,1380.12,3385.0,12.353,ACTIVE,0.05664
42,Yongfeng Steel,2021,9,0.068464,15765,0.03431,1520.8,3124.0,18.851,ACTIVE,0.05664
42,Yongfeng Steel,2021,10,0.059907,17635,0.03838,2157.71,3440.75,8.531,ACTIVE,0.05664
42,Yongfeng Steel,2021,11,0.033479,9893,0.021531,2147.55,3189.5,7.423,IDLE,0.05664
42,Yongfeng Steel,2021,12,0.022872,6836,0.014877,2250.62,3166.79,7.497,IDLE,0.05664
42,Yongfeng Steel,2022,1,0.025629,7848,0.01708,2371.72,3372.75,6.806,IDLE,0.05664
42,Yongfeng Steel,2022,2,0.018754,5793,0.012608,2719.48,3825.0,5.337,IDLE,0.05664
42,Yongfeng Steel,2022,3,0.038801,12686,0.027609,2823.36,3939.5,7.729,IDLE,0.05664
42,Yongfeng Steel,2022,4,0.016162,3889,0.008464,2503.07,4171.0,4.49,IDLE,0.05664
42,Yongfeng Steel,2022,5,0.024724,4597,0.010005,2204.84,4006.5,9.218,IDLE,0.05664
42,Yongfeng Steel,2022,6,0.027132,5639,0.012272,2422.77,4190.03,13.515,IDLE,0.05664
42,Yongfeng Steel,2022,7,0.08192,15979,0.034776,1678.67,3955.5,15.373,ACTIVE,0.05664
42,Yongfeng Steel,2022,8,0.098256,21220,0.046182,1542.93,3615.0,12.185,ACTIVE,0.05664
42,Yongfeng Steel,2022,9,0.043451,10564,0.022991,2010.8,3596.5,7.134,IDLE,0.05664
42,Yongfeng Steel,2022,10,0.017031,4889,0.01064,2464.94,3496.0,7.556,IDLE,0.05664
42,Yongfeng Steel,2022,12,0.03418,10504,0.02286,2166.64,3091.25,10.554,IDLE,0.05664
42,Yongfeng Steel,2023,1,0.027636,8744,0.01903,2381.4,3203.25,10.67,IDLE,0.05664
42,Yongfeng Steel,2023,2,0.024048,7472,0.016262,2477.86,3260.33,10.885,IDLE,0.05664
42,Yongfeng Steel,2023,3,0.050568,14443,0.031433,2133.26,3347.25,9.305,IDLE,0.05664
42,Yongfeng Steel,2023,4,0.091081,18839,0.041,1485.71,3323.5,7.836,ACTIVE,0.05664
42,Yongfeng Steel,2023,5,0.080308,14482,0.031518,1505.87,3690.0,10.71,ACTIVE,0.05664
42,Yongfeng Steel,2023,6,0.072469,13847,0.030136,1790.78,4146.5,15.451,ACTIVE,0.05664
42,Yongfeng Steel,2023,7,0.044115,9996,0.021755,2184.63,3918.25,17.645,IDLE,0.05664
42,Yongfeng Steel,2023,8,0.110437,22577,0.049135,1449.8,3504.0,11.87,ACTIVE,0.05664
42,Yongfeng Steel,2023,9,0.099526,22267,0.048461,1463.89,3271.25,9.693,ACTIVE,0.05664
42,Yongfeng Steel,2023,10,0.010198,2846,0.006194,2543.51,3453.0,6.166,IDLE,0.05664
42,Yongfeng Steel,2023,11,0.046915,13790,0.030012,2095.84,3251.0,9.754,IDLE,0.05664
42,Yongfeng Steel,2023,12,0.02398,6382,0.013889,1371.05,2149.54,9.394,IDLE,0.05664
42,Yongfeng Steel,2024,1,0.057207,14272,0.031061,1436.32,2639.0,9.187,ACTIVE,0.05664
42,Yongfeng Steel,2024,2,0.044899,14443,0.031433,2271.34,3227.25,10.198,IDLE,0.05664
42,Yongfeng Steel,2024,3,0.046802,14716,0.032027,2326.51,3383.0,10.045,IDLE,0.05664
42,Yongfeng Steel,2024,4,0.083357,17652,0.038417,1592.31,3447.75,7.616,ACTIVE,0.05664
42,Yongfeng Steel,2024,5,0.088145,15886,0.034573,1511.81,3806.25,11.431,ACTIVE,0.05664
42,Yongfeng Steel,2024,6,0.013889,3457,0.007524,3299.93,4404.0,14.368,IDLE,0.05664
42,Yongfeng Steel,2024,7,0.056116,12934,0.028149,2044.53,3893.5,16.659,IDLE,0.05664
42,Yongfeng Steel,2024,8,0.105937,20919,0.045527,1402.24,3575.0,10.288,ACTIVE,0.05664
42,Yongfeng Steel,2024,9,0.110315,24388,0.053077,1421.19,3226.23,9.636,ACTIVE,0.05664
42,Yongfeng Steel,2024,10,0.026872,7176,0.015617,2120.89,3282.5,10.251,IDLE,0.05664
42,Yongfeng Steel,2024,11,0.051779,14440,0.031426,1811.09,2996.5,9.734,IDLE,0.05664
42,Yongfeng Steel,2024,12,0.053554,15640,0.034038,1864.93,2959.61,9.728,IDLE,0.05664
43,Delong Steel,2019,1,0.043605,12635,0.027836,2113.4,3335.0,11.642,IDLE,0.05664
43,Delong Steel,2019,3,0.051002,13735,0.030259,2146.25,3740.0,7.209,IDLE,0.05664
43,Delong Steel,2019,4,0.052771,12168,0.026807,1979.81,3911.0,7.04,IDLE,0.05664
43,Delong Steel,2019,5,0.065086,11137,0.024536,1950.35,5120.5,11.366,ACTIVE,0.05664
43,Delong Steel,2019,6,0.058707,11296,0.024886,2205.52,5201.65,12.471,ACTIVE,0.05664
43,Delong Steel,2019,7,0.036014,8104,0.017854,3070.16,5578.0,13.056,IDLE,0.05664
43,Delong Steel,2019,8,0.079693,14605,0.032176,1761.19,4724.0,10.433,ACTIVE,0.05664
43,Delong Steel,2019,9,0.086677,19285,0.042487,1833.99,4069.0,8.119,ACTIVE,0.05664
43,Delong Steel,2019,10,0.031272,7736,0.017043,2167.13,3674.0,7.339,IDLE,0.05664
43,Delong Steel,2019,11,0.048811,12697,0.027973,2009.73,3582.73,15.074,IDLE,0.05664
43,Delong Steel,2019,12,0.054138,13998,0.030839,1834.44,3361.43,11.997,IDLE,0.05664
43,Delong Steel,2020,1,0.006277,1098,0.002419,1380.92,2646.5,5.903,IDLE,0.05664
43,Delong Steel,2020,2,0.047401,12000,0.026437,1978.79,3588.0,14.535,IDLE,0.05664
43,Delong Steel,2020,3,0.046002,10325,0.022747,1868.5,3734.5,6.758,IDLE,0.05664
43,Delong Steel,2020,4,0.064757,11356,0.025018,1744.31,4615.0,7.503,ACTIVE,0.05664
43,Delong Steel,2020,5,0.060609,11672,0.025714,1782.34,4351.25,7.321,ACTIVE,0.05664
43,Delong Steel,2020,6,0.045539,10675,0.023518,2343.78,4447.5,12.475,IDLE,0.05664
43,Delong Steel,2020,7,0.049098,9653,0.021266,2645.29,5897.89,12.218,IDLE,0.05664
43,Delong Steel,2020,8,0.098544,16892,0.037215,1705.51,5103.0,8.561,ACTIVE,0.05664
43,Delong Steel,2020,9,0.090055,17406,0.038347,1566.92,4134.79,8.527,ACTIVE,0.05664
43,Delong Steel,2020,10,0.031764,8513,0.018755,2303.92,3685.25,6.58,IDLE,0.05664
43,Delong Steel,2020,11,0.036851,10076,0.022198,2216.15,3598.5,7.848,IDLE,0.05664
43,Delong Steel,2020,12,0.046723,12982,0.028601,2032.99,3394.75,11.962,IDLE,0.05664
43,Delong Steel,2021,1,0.043793,13230,0.029147,2273.0,3476.0,8.572,IDLE,0.05664
43,Delong Steel,2021,2,0.039398,11790,0.025974,2422.65,3696.0,8.215,IDLE,0.05664
43,Delong Steel,2021,3,0.050476,11971,0.026373,2017.1,3928.0,7.968,IDLE,0.05664
43,Delong Steel,2021,4,0.064979,12084,0.026622,1766.78,4490.0,7.525,ACTIVE,0.05664
43,Delong Steel,2021,5,0.070778,12500,0.027539,1862.24,5020.75,11.414,ACTIVE,0.05664
43,Delong Steel,2021,6,0.051066,10388,0.022886,2735.4,5976.5,14.88,IDLE,0.05664
43,Delong Steel,2021,7,0.090215,15184,0.033452,1826.41,5485.75,9.246,ACTIVE,0.05664
43,Delong Steel,2021,8,0.145765,26222,0.057769,1815.63,5238.25,7.152,ACTIVE,0.05664
43,Delong Steel,2021,9,0.075902,15714,0.034619,1675.36,4072.96,8.723,ACTIVE,0.05664
43,Delong Steel,2021,10,0.058529,15412,0.033954,2125.81,3684.0,5.709,ACTIVE,0.05664
43,Delong Steel,2021,11,0.037461,9430,0.020775,1965.91,3422.25,8.321,IDLE,0.05664
43,Delong Steel,2021,12,0.039155,9951,0.021923,1969.84,3449.5,16.27,IDLE,0.05664
43,Delong Steel,2022,1,0.036801,9863,0.021729,2025.73,3371.75,8.611,IDLE,0.05664
43,Delong Steel,2022,2,0.043188,11922,0.026265,2261.82,3755.0,8.329,IDLE,0.05664
43,Delong Steel,2022,3,0.045989,13502,0.029746,2415.6,3826.93,7.419,IDLE,0.05664
43,Delong Steel,2022,4,0.053648,11071,0.02439,1952.39,4283.91,6.234,IDLE,0.05664
43,Delong Steel,2022,5,0.068241,11885,0.026184,1923.08,5181.5,7.456,ACTIVE,0.05664
43,Delong Steel,2022,6,0.042799,9519,0.020971,2708.64,5382.5,11.55,IDLE,0.05664
43,Delong Steel,2022,7,0.078937,13848,0.030508,1898.62,5368.5,11.349,ACTIVE,0.05664
43,Delong Steel,2022,8,0.087142,15349,0.033815,1750.11,4952.0,8.415,ACTIVE,0.05664
43,Delong Steel,2022,9,0.07077,16279,0.035864,1887.34,3891.25,5.839,ACTIVE,0.05664
43,Delong Steel,2022,10,0.035572,9137,0.02013,2275.94,3859.0,6.102,IDLE,0.05664
43,Delong Steel,2022,12,0.038765,10435,0.022989,2111.81,3546.0,8.766,IDLE,0.05664
43,Delong Steel,2023,1,0.035157,9973,0.021971,2268.81,3591.0,8.627,IDLE,0.05664
43,Delong Steel,2023,2,0.039349,10995,0.024223,2400.66,3926.0,8.638,IDLE,0.05664
43,Delong Steel,2023,3,0.045473,12057,0.026563,2195.64,3851.75,7.616,IDLE,0.05664
43,Delong Steel,2023,4,0.068196,12443,0.027413,1599.48,4176.25,7.114,ACTIVE,0.05664
43,Delong Steel,2023,5,0.077785,13292,0.029283,1653.89,4702.25,7.761,ACTIVE,0.05664
43,Delong Steel,2023,6,0.069539,12791,0.02818,2122.76,5573.75,10.935,ACTIVE,0.05664
43,Delong Steel,2023,7,0.072287,14270,0.031438,2153.05,5455.0,10.348,ACTIVE,0.05664
43,Delong Steel,2023,8,0.090906,16526,0.036408,1677.7,4677.5,8.19,ACTIVE,0.05664
43,Delong Steel,2023,9,0.086072,22630,0.049856,1533.13,2784.25,7.038,ACTIVE,0.05664
43,Delong Steel,2023,10,0.025845,6849,0.015089,2397.46,3770.25,6.354,IDLE,0.05664
43,Delong Steel,2023,11,0.057635,14596,0.032156,1871.93,3504.0,9.338,ACTIVE,0.05664
43,Delong Steel,2023,12,0.065748,18093,0.039861,1424.01,2436.75,14.216,ACTIVE,0.05664
43,Delong Steel,2024,1,0.058266,13812,0.030429,1646.24,3333.5,9.255,ACTIVE,0.05664
43,Delong Steel,2024,2,0.045368,12059,0.026567,2036.96,3527.0,9.498,IDLE,0.05664
43,Delong Steel,2024,3,0.050201,12982,0.028601,2086.8,3792.48,8.159,IDLE,0.05664
43,Delong Steel,2024,4,0.074176,13606,0.029975,1662.79,4371.5,6.416,ACTIVE,0.05664
43,Delong Steel,2024,5,0.076726,13596,0.029953,1882.48,5228.96,8.524,ACTIVE,0.05664
43,Delong Steel,2024,6,0.032196,7796,0.017175,3248.22,5677.0,14.596,IDLE,0.05664
43,Delong Steel,2024,7,0.121401,24648,0.054302,2051.36,5027.96,14.521,ACTIVE,0.05664
43,Delong Steel,2024,8,0.091299,16681,0.03675,1624.39,4549.5,14.855,ACTIVE,0.05664
43,Delong Steel,2024,9,0.053114,14556,0.032068,2752.92,4618.5,8.057,IDLE,0.05664
43,Delong Steel,2024,10,0.018548,4722,0.010403,2470.34,3760.75,13.359,IDLE,0.05664
43,Delong Steel,2024,11,0.061635,14356,0.031628,1666.17,3432.5,17.849,ACTIVE,0.05664
43,Delong Steel,2024,12,0.060308,15473,0.034088,1804.97,3399.5,15.234,ACTIVE,0.05664
44,Hegang Steel,2019,1,0.054763,14204,0.026467,862.46,1729.0,25.972,IDLE,0.05664
44,Hegang Steel,2019,2,0.09186,22657,0.042218,1039.91,2399.25,18.774,ACTIVE,0.05664
44,Hegang Steel,2019,3,0.055943,15396,0.028688,1424.06,2761.5,7.922,IDLE,0.05664
44,Hegang Steel,2019,4,0.021674,6863,0.012788,2041.6,3194.0,15.511,IDLE,0.05664
44,Hegang Steel,2019,5,0.060832,18097,0.033721,2020.36,3709.5,9.745,ACTIVE,0.05664
44,Hegang Steel,2019,6,0.09537,23173,0.043179,1227.63,2859.5,14.513,ACTIVE,0.05664
44,Hegang Steel,2019,7,0.051418,14133,0.026335,1806.82,3514.75,7.737,IDLE,0.05664
44,Hegang Steel,2019,8,0.057993,17305,0.032245,1267.38,2299.5,17.038,ACTIVE,0.05664
44,Hegang Steel,2019,9,0.072351,20944,0.039026,1442.28,2804.15,11.352,ACTIVE,0.05664
44,Hegang Steel,2019,10,0.045961,13800,0.025714,1625.45,2851.25,10.934,IDLE,0.05664
44,Hegang Steel,2019,11,0.056525,16362,0.030488,1531.84,2850.0,8.553,IDLE,0.05664
44,Hegang Steel,2019,12,0.055849,15700,0.029254,966.73,1854.15,14.565,IDLE,0.05664
44,Hegang Steel,2020,1,0.050271,14683,0.027359,923.19,1669.25,10.754,IDLE,0.05664
44,Hegang Steel,2020,2,0.074247,21386,0.039849,1040.04,2044.5,19.106,ACTIVE,0.05664
44,Hegang Steel,2020,3,0.071533,18331,0.034157,1088.94,2317.75,19.145,ACTIVE,0.05664
44,Hegang Steel,2020,4,0.025877,7808,0.014549,1874.21,3056.75,24.223,IDLE,0.05664
44,Hegang Steel,2020,5,0.084545,24574,0.04579,1702.15,3275.5,11.501,ACTIVE,0.05664
44,Hegang Steel,2020,7,0.092149,25968,0.048387,1465.07,3038.0,10.195,ACTIVE,0.05664
44,Hegang Steel,2020,8,0.088667,24072,0.044854,1352.07,2886.0,12.213,ACTIVE,0.05664
44,Hegang Steel,2020,9,0.098436,19087,0.035566,1791.49,5587.0,8.095,ACTIVE,0.05664
44,Hegang Steel,2020,10,0.026894,8473,0.015788,1521.42,2452.0,11.178,IDLE,0.05664
44,Hegang Steel,2020,11,0.073671,20089,0.037433,1084.24,2216.0,6.922,ACTIVE,0.05664
44,Hegang Steel,2020,12,0.072693,19240,0.035851,1123.24,2345.5,8.823,ACTIVE,0.05664
44,Hegang Steel,2021,3,0.073148,20133,0.037515,1246.84,2506.0,8.42,ACTIVE,0.05664
44,Hegang Steel,2021,4,0.014294,4117,0.007671,1745.22,2812.0,12.518,IDLE,0.05664
44,Hegang Steel,2021,5,0.075961,21805,0.04063,1772.55,3440.0,8.681,ACTIVE,0.05664
44,Hegang Steel,2021,6,0.11342,28077,0.052317,1479.21,3619.25,7.405,ACTIVE,0.05664
44,Hegang Steel,2021,7,0.097922,20358,0.037934,1113.33,3086.5,5.84,ACTIVE,0.05664
44,Hegang Steel,2021,8,0.105442,22246,0.041452,1659.29,4769.25,7.38,ACTIVE,0.05664
44,Hegang Steel,2021,9,0.065356,18561,0.034585,1281.41,2516.0,12.173,ACTIVE,0.05664
44,Hegang Steel,2021,10,0.036399,10821,0.020163,1604.95,2792.5,10.371,IDLE,0.05664
44,Hegang Steel,2021,11,0.028059,6038,0.011251,1170.0,2710.5,5.04,IDLE,0.05664
44,Hegang Steel,2021,12,0.0436,13520,0.025192,811.61,1373.0,14.314,IDLE,0.05664
44,Hegang Steel,2022,1,0.019056,5832,0.010867,914.62,1438.5,9.585,IDLE,0.05664
44,Hegang Steel,2022,2,0.044522,13619,0.025377,771.63,1294.0,19.866,IDLE,0.05664
44,Hegang Steel,2022,3,0.072365,20116,0.037483,835.74,1697.0,18.583,ACTIVE,0.05664
44,Hegang Steel,2022,4,0.078831,20638,0.038456,1722.74,3674.0,8.15,ACTIVE,0.05664
44,Hegang Steel,2022,6,0.113169,28218,0.05258,1611.02,3822.0,7.27,ACTIVE,0.05664
44,Hegang Steel,2022,7,0.211808,39026,0.072719,2023.18,6618.0,4.386,ACTIVE,0.05664
44,Hegang Steel,2022,8,0.037205,6317,0.011771,711.84,1897.5,15.429,IDLE,0.05664
44,Hegang Steel,2022,9,0.067489,19086,0.035564,1227.69,2390.0,22.43,ACTIVE,0.05664
44,Hegang Steel,2022,10,0.032468,9545,0.017786,1600.72,2822.08,6.169,IDLE,0.05664
44,Hegang Steel,2022,11,0.045849,12516,0.023322,1437.18,2782.0,8.672,IDLE,0.05664
44,Hegang Steel,2022,12,0.034374,9494,0.017691,823.31,1466.25,9.881,IDLE,0.05664
44,Hegang Steel,2023,1,0.035987,10201,0.019008,823.73,1456.0,9.715,IDLE,0.05664
44,Hegang Steel,2023,2,0.047041,12805,0.02386,881.2,1690.0,9.946,IDLE,0.05664
44,Hegang Steel,2023,3,0.060915,16923,0.031533,1440.81,2815.0,4.343,ACTIVE,0.05664
44,Hegang Steel,2023,4,0.019563,5961,0.011107,1895.39,3055.5,8.426,IDLE,0.05664
44,Hegang Steel,2023,5,0.075483,20826,0.038806,1727.37,3530.5,8.597,ACTIVE,0.05664
44,Hegang Steel,2023,7,0.052472,10219,0.019041,884.61,2262.5,9.191,IDLE,0.05664
44,Hegang Steel,2023,8,0.110355,26227,0.04887,1377.72,3506.25,9.209,ACTIVE,0.05664
44,Hegang Steel,2023,9,0.068063,19157,0.035696,1224.82,2398.0,17.208,ACTIVE,0.05664
44,Hegang Steel,2023,10,0.03767,10833,0.020186,1590.49,2891.5,7.925,IDLE,0.05664
44,Hegang Steel,2023,11,0.024751,7558,0.014083,918.68,1506.0,10.48,IDLE,0.05664
44,Hegang Steel,2023,12,0.040067,10764,0.020057,823.0,1512.75,15.742,IDLE,0.05664
44,Hegang Steel,2024,1,0.031038,9328,0.017381,888.91,1481.4,11.715,IDLE,0.05664
44,Hegang Steel,2024,2,0.041436,12243,0.022813,808.31,1400.5,11.242,IDLE,0.05664
44,Hegang Steel,2024,3,0.090766,24479,0.045613,1044.22,2226.25,8.179,ACTIVE,0.05664
44,Hegang Steel,2024,4,0.015819,4827,0.008994,1969.26,3137.25,7.889,IDLE,0.05664
44,Hegang Steel,2024,5,0.087359,24027,0.044771,1645.59,3388.0,7.207,ACTIVE,0.05664
44,Hegang Steel,2024,7,0.04804,10558,0.019673,927.71,2149.0,9.439,IDLE,0.05664
44,Hegang Steel,2024,9,0.063337,17785,0.03314,1215.72,2381.5,11.128,ACTIVE,0.05664
44,Hegang Steel,2024,10,0.044712,13077,0.024367,1483.29,2676.0,8.251,IDLE,0.05664
44,Hegang Steel,2024,11,0.06091,16721,0.031157,1313.82,2613.0,10.744,ACTIVE,0.05664
44,Hegang Steel,2024,12,0.044163,13007,0.024236,794.03,1397.5,14.105,IDLE,0.05664
45,Tonghua Steel,2019,1,0.07507,17930,0.036846,1020.81,2149.5,9.115,ACTIVE,0.05664
45,Tonghua Steel,2019,2,0.069426,15005,0.030835,1029.76,2276.7,26.38,ACTIVE,0.05664
45,Tonghua Steel,2019,3,0.059602,13716,0.028186,1137.45,2345.95,18.393,ACTIVE,0.05664
45,Tonghua Steel,2019,6,0.103921,21283,0.043736,1814.92,4717.25,9.49,ACTIVE,0.05664
45,Tonghua Steel,2019,7,0.077339,15642,0.032144,1559.92,3868.75,11.86,ACTIVE,0.05664
45,Tonghua Steel,2019,9,0.080173,17987,0.036963,1247.13,2786.25,11.878,ACTIVE,0.05664
45,Tonghua Steel,2019,10,0.061914,14005,0.02878,1237.08,2629.0,16.9,ACTIVE,0.05664
45,Tonghua Steel,2019,11,0.051952,10805,0.022204,1326.15,2924.75,16.198,IDLE,0.05664
45,Tonghua Steel,2019,12,0.052667,12392,0.025465,913.43,1849.5,10.3,IDLE,0.05664
45,Tonghua Steel,2020,1,0.082113,19193,0.039441,862.56,1854.4,9.438,ACTIVE,0.05664
45,Tonghua Steel,2020,2,0.030118,7640,0.0157,747.34,1283.75,25.228,IDLE,0.05664
45,Tonghua Steel,2020,4,0.032801,7444,0.015297,1548.46,2865.0,21.557,IDLE,0.05664
45,Tonghua Steel,2020,5,0.054025,12995,0.026705,1601.14,3136.5,17.802,IDLE,0.05664
45,Tonghua Steel,2020,6,0.056737,12791,0.026285,1600.19,3308.5,16.313,ACTIVE,0.05664
45,Tonghua Steel,2020,7,0.064154,15272,0.031384,1518.74,3057.75,16.353,ACTIVE,0.05664
45,Tonghua Steel,2020,8,0.089315,15561,0.031978,1425.82,4244.0,12.37,ACTIVE,0.05664
45,Tonghua Steel,2020,9,0.076291,17387,0.03573,1195.81,2617.0,9.198,ACTIVE,0.05664
45,Tonghua Steel,2020,10,0.05284,11811,0.024271,1207.27,2495.75,18.38,IDLE,0.05664
45,Tonghua Steel,2020,11,0.049249,10677,0.021941,1195.42,2538.0,12.086,IDLE,0.05664
45,Tonghua Steel,2020,12,0.054264,11783,0.024214,1156.67,2515.5,8.861,IDLE,0.05664
45,Tonghua Steel,2021,2,0.077148,16880,0.034688,939.25,2107.95,14.761,ACTIVE,0.05664
45,Tonghua Steel,2021,4,0.031461,7809,0.016047,1637.44,2897.75,17.495,IDLE,0.05664
45,Tonghua Steel,2021,8,0.070794,16196,0.033283,1349.21,2881.5,15.943,ACTIVE,0.05664
45,Tonghua Steel,2021,9,0.075195,17097,0.035134,1220.81,2663.75,20.676,ACTIVE,0.05664
45,Tonghua Steel,2021,10,0.054023,11467,0.023565,1173.9,2526.75,17.087,IDLE,0.05664
45,Tonghua Steel,2021,11,0.057533,11708,0.02406,1053.33,2373.7,26.999,ACTIVE,0.05664
45,Tonghua Steel,2021,12,0.085138,17145,0.035233,802.31,2022.0,11.712,ACTIVE,0.05664
45,Tonghua Steel,2022,1,0.076919,17180,0.035305,847.2,1917.25,14.059,ACTIVE,0.05664
45,Tonghua Steel,2022,2,0.071268,16332,0.033562,885.55,1918.15,24.984,ACTIVE,0.05664
45,Tonghua Steel,2022,3,0.060498,14026,0.028823,1210.26,2488.25,11.179,ACTIVE,0.05664
45,Tonghua Steel,2022,4,0.029275,7022,0.01443,1680.08,2980.25,11.984,IDLE,0.05664
45,Tonghua Steel,2022,5,0.054408,12687,0.026072,1493.87,2987.75,17.181,IDLE,0.05664
45,Tonghua Steel,2022,8,0.114352,18936,0.038913,1318.67,4403.25,11.776,ACTIVE,0.05664
45,Tonghua Steel,2022,9,0.074215,16484,0.033874,1217.07,2701.5,13.851,ACTIVE,0.05664
45,Tonghua Steel,2022,10,0.058181,12664,0.026024,1171.44,2534.75,13.864,ACTIVE,0.05664
45,Tonghua Steel,2022,11,0.052219,10872,0.022342,1055.2,2311.5,14.896,IDLE,0.05664
45,Tonghua Steel,2022,12,0.055314,12773,0.026248,725.47,1493.0,10.217,IDLE,0.05664
45,Tonghua Steel,2023,1,0.062534,14203,0.029187,749.92,1601.2,11.391,ACTIVE,0.05664
45,Tonghua Steel,2023,2,0.043964,10553,0.021686,905.91,1746.5,18.303,IDLE,0.05664
45,Tonghua Steel,2023,3,0.030746,7993,0.016426,1547.13,2657.0,13.66,IDLE,0.05664
45,Tonghua Steel,2023,5,0.046803,11024,0.022654,1617.05,3120.2,22.304,IDLE,0.05664
45,Tonghua Steel,2023,6,0.065517,15148,0.031129,1525.55,3170.0,22.855,ACTIVE,0.05664
45,Tonghua Steel,2023,7,0.073184,16681,0.034279,1459.39,3139.5,20.638,ACTIVE,0.05664
45,Tonghua Steel,2023,9,0.07757,17459,0.035878,1236.82,2727.5,19.599,ACTIVE,0.05664
45,Tonghua Steel,2023,10,0.056872,12862,0.026431,1226.38,2579.0,11.74,ACTIVE,0.05664
45,Tonghua Steel,2023,11,0.084262,16509,0.033926,674.72,1694.5,17.399,ACTIVE,0.05664
45,Tonghua Steel,2023,12,0.054974,12357,0.025393,818.94,1724.0,10.462,IDLE,0.05664
45,Tonghua Steel,2024,1,0.031786,7973,0.016384,931.46,1691.95,10.12,IDLE,0.05664
45,Tonghua Steel,2024,2,0.061408,14514,0.029826,803.38,1645.0,15.096,ACTIVE,0.05664
45,Tonghua Steel,2024,3,0.053483,13442,0.027623,1321.99,2496.5,12.37,IDLE,0.05664
45,Tonghua Steel,2024,4,0.026924,7004,0.014393,1704.48,2864.5,14.412,IDLE,0.05664
45,Tonghua Steel,2024,5,0.056892,13539,0.027822,1501.0,2958.5,21.599,ACTIVE,0.05664
45,Tonghua Steel,2024,6,0.064487,14845,0.030506,1561.23,3253.5,20.256,ACTIVE,0.05664
45,Tonghua Steel,2024,8,0.075313,17067,0.035072,1267.18,2771.25,20.731,ACTIVE,0.05664
45,Tonghua Steel,2024,9,0.025648,7013,0.014412,1631.63,2739.9,11.847,IDLE,0.05664
45,Tonghua Steel,2024,10,0.048155,11049,0.022706,1240.17,2524.2,9.177,IDLE,0.05664
45,Tonghua Steel,2024,11,0.044554,9993,0.020535,1181.73,2423.25,10.428,IDLE,0.05664
45,Tonghua Steel,2024,12,0.06977,15848,0.032567,831.78,1812.0,11.87,ACTIVE,0.05664
